,employee_id,name,age,department,salary,email,join_date,experience_years,city,performance
0,E0,Meera,21,SALES,50000,emp717@gmail.com,2020-05-10,3,Delhi,Not Provided
1,E1,Sam,39,IT,45135,emp939@yahoo.com,Not Provided,6,Delhi,Excelent
2,E2,Meera,39,SALES,45135,emp82@yahoo.com,2020-05-10,6,Surat,Average
3,E3,Kunal,39,FINANEC,115906,emp172@gmail.com,05-10-2020,3,Mumbai,Excelent
4,E4,Kunal,39,IT,5000,emp512@gmail.com,Not Provided,6,Surat,Not Provided
5,E5,Pooja,39,FINANCE,45135,emp345@gmail.com,2020-05-10,3,Surat,Good
6,E6,Harsh,39,HR,45135,emp495@gmail.com,10-05-2020,14,Mumbai,Poor
7,E7,John,39,HR,86176,Not Provided,2020-05-10,18,Surat,Excelent
8,E8,Sam,39,IT,10821,emp806@gmail.com,05-10-2020,6,Surat,Poor
9,E9,John,59,SALES,50000,emp805@gamil.com,Not Provided,2,Delhi,Excelent
10,E10,Rita,39,SALES,21026,Not Provided,05-10-2020,15,Delhi,Poor
11,E11,Ankit,59,IT,5000,emp652@gamil.com,2020-05-10,6,Surat,Not Provided
12,E12,Sam,39,FINANCE,47989,emp733@yahoo.com,2020-05-10,19,Surat,Not Provided
13,E13,Meera,39,FINANEC,45135,emp312@yahoo.com,Not Provided,6,Delhi,Not Provided
14,E14,Meera,32,IT,45135,emp4@gmail.com,Not Provided,17,Mumbai,Excellent
15,,Sam,39,HR,45135,emp292@gmail.com,05-10-2020,3,Delhi,Poor
16,E16,Ravi,39,SALES,5000,emp295@gamil.com,2020-05-10,12,Mumbai,Good
17,,Meera,55,HR,45135,emp316@gmail.com,Not Provided,6,Surat,Poor
18,E18,Ankit,25,HR,106264,emp33@gmail.com,Not Provided,17,Delhi,Average
19,E19,Amit,39,SALES,5000,emp528@gmail.com,Not Provided,6,Surat,Excelent
20,E20,Sneha,39,IT,5000,Not Provided,2020-05-10,6,Surat,Not Provided
21,E21,John,39,IT,50000,emp424@gmail.com,Not Provided,0,Surat,Excellent
22,E22,John,39,FINANCE,50000,Not Provided,2020-05-10,16,Delhi,Not Provided
23,E23,Ravi,39,HR,5000,emp923@yahoo.com,05-10-2020,6,Mumbai,Excelent
24,E24,Pooja,39,IT,79867,Not Provided,Not Provided,6,Delhi,Poor
25,E25,Rekha,39,HR,84017,emp49@gmail.com,Not Provided,19,Delhi,Not Provided
26,E26,Kunal,39,IT,5000,emp379@gmail.com,2020-05-10,6,Delhi,Poor
27,,Rekha,39,HR,45135,Not Provided,05-10-2020,6,Surat,Excellent
28,E28,Sam,39,SALES,84735,emp209@gmail.com,2020-05-10,6,Surat,Excellent
29,E29,Sneha,39,IT,5000,Not Provided,2020-05-10,3,Delhi,Average
30,E30,Ankit,39,FINANCE,5000,emp329@gmail.com,05-10-2020,13,Mumbai,Excelent
31,E31,Pooja,39,IT,50000,emp485@gmail.com,Not Provided,6,Surat,Good
32,,Harsh,39,IT,45135,Not Provided,10-05-2020,3,Mumbai,Excellent
33,E33,Pooja,22,IT,5000,emp108@gamil.com,10-05-2020,6,Delhi,Good
34,E34,John,36,SALES,50000,emp3@gmail.com,Not Provided,6,Delhi,Excelent
35,E35,Sneha,39,IT,50000,emp399@gmail.com,Not Provided,6,Delhi,Not Provided
36,E36,Rekha,39,IT,5000,emp540@yahoo.com,2020-05-10,6,Delhi,Average
37,E37,Harsh,39,SALES,45135,emp307@gmail.com,2020-05-10,6,Surat,Not Provided
38,E38,Kunal,39,IT,45135,emp98@gmail.com,Not Provided,6,Surat,Not Provided
39,E39,John,45,IT,45135,emp237@yahoo.com,Not Provided,3,Surat,Excellent
40,E40,Ravi,39,IT,45135,emp329@gmail.com,Not Provided,2,Surat,Not Provided
41,E41,Harsh,39,FINANCE,21271,Not Provided,2020-05-10,3,Surat,Good
42,,Kunal,39,IT,45135,emp340@gmail.com,2020-05-10,3,Mumbai,Not Provided
43,,Sam ,39,SALES,50000,emp851@gmail.com,2020-05-10,6,Mumbai,Average
44,,Amit,39,FINANCE,5000,emp324@gamil.com,Not Provided,6,Delhi,Poor
45,E45,Meera,39,SALES,50000,emp348@yahoo.com,05-10-2020,11,Mumbai,Not Provided
46,,Sam,40,HR,45135,emp635@gamil.com,05-10-2020,4,Mumbai,Excellent
47,,Pooja,39,SALES,50000,Not Provided,2020-05-10,6,Delhi,Excelent
48,,Ankit,36,HR,45135,emp576@gamil.com,2020-05-10,6,Delhi,Not Provided
49,E49,Harsh,39,HR,45135,emp442@gmail.com,05-10-2020,6,Delhi,Not Provided
50,E50,John,39,IT,45135,emp129@gamil.com,10-05-2020,3,Surat,Not Provided
51,E51,Rekha,39,IT,142438,emp938@gamil.com,10-05-2020,6,Surat,Poor
52,E52,Meera,39,IT,66264,Not Provided,Not Provided,11,Delhi,Excelent
53,,Amit,53,SALES,45135,emp784@gmail.com,2020-05-10,6,Mumbai,Poor
54,E54,Ankit,39,FINANCE,45135,emp527@gamil.com,05-10-2020,6,Delhi,Excellent
55,E55,Kunal ,39,FINANEC,5000,emp597@gmail.com,10-05-2020,3,Delhi,Average
56,,Sam,39,HR,50000,Not Provided,2020-05-10,3,Surat,Excelent
57,E57,Ravi,33,IT,45135,emp853@yahoo.com,Not Provided,6,Delhi,Average
58,E58,Harsh,39,IT,25634,emp198@yahoo.com,05-10-2020,9,Mumbai,Not Provided
59,E59,Amit,39,HR,50000,emp100@yahoo.com,10-05-2020,3,Surat,Excellent
60,E60,Ravi,50,FINANEC,72951,emp29@gamil.com,05-10-2020,6,Mumbai,Excellent
61,E61,Harsh,39,IT,104802,emp235@gmail.com,Not Provided,3,Surat,Excellent
62,E62,Sneha,39,HR,45135,emp259@yahoo.com,05-10-2020,3,Delhi,Excellent
63,E63,Amit,39,SALES,5000,emp773@yahoo.com,05-10-2020,3,Mumbai,Not Provided
64,E64,Meera,38,IT,45135,emp68@yahoo.com,Not Provided,6,Surat,Poor
65,,Ravi,39,FINANCE,45135,emp227@gmail.com,10-05-2020,3,Mumbai,Not Provided
66,E66,Meera,39,HR,87127,emp571@gmail.com,Not Provided,6,Mumbai,Excellent
67,,Rita,39,HR,45135,Not Provided,Not Provided,6,Delhi,Excelent
68,E68,Harsh,39,FINANCE,50000,emp971@gamil.com,2020-05-10,6,Surat,Excelent
69,E69,Rekha,39,IT,45135,emp912@yahoo.com,10-05-2020,6,Surat,Good
70,,Meera,39,SALES,50000,Not Provided,2020-05-10,11,Delhi,Good
71,E71,Sam,31,IT,5000,emp83@gmail.com,2020-05-10,6,Delhi,Average
72,E72,Sam,25,SALES,5000,emp932@gmail.com,10-05-2020,3,Delhi,Excelent
73,E73,Meera,39,FINANCE,45135,emp521@gmail.com,Not Provided,6,Surat,Not Provided
74,E74,Sneha,39,SALES,45135,emp442@gmail.com,2020-05-10,12,Mumbai,Not Provided
75,,Rita,39,FINANEC,45135,emp274@gamil.com,Not Provided,3,Mumbai,Not Provided
76,E76,Sneha,39,SALES,45135,emp69@yahoo.com,10-05-2020,14,Mumbai,Good
77,E77,Rita,39,HR,5000,emp913@gmail.com,Not Provided,6,Delhi,Poor
78,E78,Meera,39,HR,45135,emp291@gmail.com,Not Provided,17,Delhi,Good
79,E79,Meera,39,IT,45135,emp923@gamil.com,2020-05-10,6,Surat,Excellent
80,E80,Rekha,55,IT,5000,emp542@gmail.com,Not Provided,6,Delhi,Not Provided
81,,Ravi,39,IT,60825,emp455@gamil.com,2020-05-10,1,Delhi,Excelent
82,E82,Ankit,39,FINANCE,125805,emp387@gamil.com,Not Provided,3,Mumbai,Average
83,E83,Meera,39,IT,128070,Not Provided,Not Provided,13,Delhi,Good
84,,Sneha,39,HR,5000,emp100@gmail.com,2020-05-10,6,Mumbai,Average
85,E85,John,39,HR,65701,Not Provided,Not Provided,20,Delhi,Not Provided
86,,Pooja,39,SALES,140290,emp806@gmail.com,2020-05-10,3,Mumbai,Not Provided
87,E87,John,39,SALES,5000,Not Provided,2020-05-10,6,Delhi,Not Provided
88,E88,Pooja,39,SALES,50000,emp319@gmail.com,10-05-2020,3,Delhi,Good
89,E89,Pooja,24,FINANCE,45135,emp460@gmail.com,10-05-2020,3,Delhi,Not Provided
90,E90,Pooja,39,IT,50000,emp839@gmail.com,2020-05-10,6,Delhi,Excellent
91,E91,Rita,39,SALES,50000,emp638@gmail.com,10-05-2020,3,Delhi,Excellent
92,,Meera,39,IT,45135,emp580@gamil.com,05-10-2020,6,Mumbai,Good
93,E93,Kunal,39,IT,50000,emp834@gmail.com,10-05-2020,6,Surat,Excellent
94,E94,Harsh,41,IT,45135,Not Provided,05-10-2020,3,Surat,Not Provided
95,E95,Harsh,39,FINANCE,45135,emp901@yahoo.com,2020-05-10,3,Delhi,Excelent
96,E96,John,39,SALES,109127,emp7@gamil.com,2020-05-10,6,Mumbai,Excelent
97,E97,Sneha,39,IT,50000,emp489@yahoo.com,Not Provided,6,Delhi,Good
98,E98,Pooja,39,IT,45135,emp178@gmail.com,Not Provided,3,Delhi,Excelent
99,E99,John,39,IT,45135,emp111@gmail.com,05-10-2020,6,Delhi,Not Provided
100,,Sneha,39,SALES,50000,emp103@gmail.com,05-10-2020,6,Delhi,Good
101,E101,Sneha,39,HR,5000,emp91@yahoo.com,2020-05-10,9,Delhi,Excellent
102,E102,Ravi,39,SALES,45135,emp120@gamil.com,10-05-2020,6,Surat,Poor
103,,Rekha,39,IT,50000,Not Provided,05-10-2020,6,Mumbai,Not Provided
104,,Ravi,49,SALES,45135,emp431@gmail.com,10-05-2020,6,Mumbai,Excellent
105,E105,John,39,IT,45135,emp91@gmail.com,10-05-2020,3,Delhi,Excellent
106,,Sam,39,IT,5000,Not Provided,10-05-2020,6,Delhi,Average
107,E107,Kunal,39,IT,88822,emp391@gamil.com,Not Provided,12,Delhi,Poor
108,E108,Rita,39,FINANEC,45135,Not Provided,10-05-2020,6,Delhi,Excellent
109,E109,Kunal,39,IT,50000,emp171@gmail.com,10-05-2020,12,Delhi,Average
110,E110,Harsh ,39,FINANEC,45135,emp914@gamil.com,Not Provided,6,Delhi,Average
111,,Kunal,39,IT,45135,emp632@gamil.com,05-10-2020,3,Delhi,Average
112,E112,Pooja,39,IT,114846,emp223@gmail.com,Not Provided,4,Mumbai,Excelent
113,E113,Ravi,39,SALES,85259,Not Provided,10-05-2020,6,Delhi,Average
114,E114,John,36,IT,50000,emp922@gmail.com,2020-05-10,6,Mumbai,Not Provided
115,,Pooja,39,FINANCE,5000,emp256@yahoo.com,2020-05-10,20,Surat,Not Provided
116,,Amit,39,FINANEC,50000,emp306@gmail.com,2020-05-10,6,Delhi,Excellent
117,E117,Ravi,39,FINANEC,91960,emp564@gamil.com,05-10-2020,6,Delhi,Not Provided
118,E118,Sam,39,SALES,5000,emp243@gmail.com,Not Provided,6,Mumbai,Average
119,E119,Ravi,39,HR,63582,emp173@gamil.com,2020-05-10,7,Delhi,Average
120,E120,Harsh ,39,IT,50000,emp212@yahoo.com,2020-05-10,6,Delhi,Not Provided
121,E121,John,39,IT,45135,emp877@gmail.com,05-10-2020,6,Delhi,Average
122,E122,Harsh,39,IT,50000,emp837@gmail.com,2020-05-10,3,Mumbai,Poor
123,E123,Harsh,35,FINANCE,50000,emp670@gmail.com,05-10-2020,3,Delhi,Excelent
124,E124,John,39,HR,61435,emp850@gmail.com,2020-05-10,4,Surat,Excelent
125,E125,Ankit,39,IT,45135,emp917@gmail.com,Not Provided,6,Mumbai,Excellent
126,E126,Harsh,39,HR,50000,emp198@gmail.com,2020-05-10,6,Delhi,Excelent
127,E127,Pooja ,39,SALES,5000,Not Provided,10-05-2020,20,Surat,Excellent
128,E128,Ravi,39,IT,45135,emp444@gmail.com,2020-05-10,6,Delhi,Good
129,E129,Harsh,39,IT,45135,emp847@gmail.com,Not Provided,6,Delhi,Not Provided
130,,Ankit,39,HR,5000,emp407@gmail.com,Not Provided,12,Delhi,Average
131,E131,Sam,39,IT,5000,emp144@gmail.com,05-10-2020,10,Delhi,Excelent
132,,Ravi,39,SALES,45135,emp288@gmail.com,05-10-2020,6,Surat,Good
133,E133,Sneha,34,IT,45135,emp483@gamil.com,2020-05-10,3,Mumbai,Excelent
134,E134,Rita,39,FINANEC,5000,emp806@gmail.com,2020-05-10,6,Delhi,Not Provided
135,E135,John,39,IT,45135,Not Provided,05-10-2020,9,Delhi,Not Provided
136,E136,Ravi,39,SALES,123412,Not Provided,Not Provided,6,Delhi,Poor
137,E137,Ravi,39,HR,59884,emp527@gmail.com,2020-05-10,3,Delhi,Good
138,,Sneha,26,HR,45135,emp567@gmail.com,10-05-2020,17,Delhi,Excelent
139,,Rekha,39,SALES,86062,emp777@yahoo.com,2020-05-10,19,Delhi,Poor
140,E140,Rekha,51,HR,5000,emp509@gmail.com,10-05-2020,3,Delhi,Average
141,E141,Rekha,39,IT,45135,emp842@gamil.com,Not Provided,6,Surat,Poor
142,E142,Ravi,39,IT,16797,emp421@gamil.com,2020-05-10,0,Delhi,Poor
143,E143,Meera,39,HR,17048,emp44@gamil.com,2020-05-10,3,Mumbai,Not Provided
144,E144,Ravi,39,IT,45135,emp248@gmail.com,10-05-2020,2,Delhi,Poor
145,E145,Sneha,39,SALES,50000,emp178@gmail.com,05-10-2020,3,Delhi,Good
146,E146,Pooja,39,IT,45135,emp193@gmail.com,2020-05-10,3,Delhi,Excellent
147,E147,Sam,39,HR,72618,emp23@gmail.com,Not Provided,3,Surat,Excelent
148,E148,Kunal,39,IT,45135,Not Provided,2020-05-10,6,Delhi,Excelent
149,E149,Sam,35,IT,5000,emp400@gmail.com,10-05-2020,6,Surat,Not Provided
150,E150,John,39,IT,5000,emp429@gamil.com,10-05-2020,3,Mumbai,Excelent
151,E151,Rekha,39,FINANEC,57025,emp521@gmail.com,05-10-2020,6,Surat,Good
152,E152,Amit,54,FINANCE,96095,emp319@gmail.com,Not Provided,3,Delhi,Not Provided
153,E153,Harsh,39,SALES,33452,emp158@yahoo.com,10-05-2020,6,Surat,Not Provided
154,E154,Harsh,56,IT,45135,emp145@gamil.com,2020-05-10,6,Delhi,Excellent
155,,Ankit,39,IT,45135,emp501@gmail.com,Not Provided,6,Mumbai,Not Provided
156,,Rita,39,IT,45135,emp623@gamil.com,2020-05-10,3,Delhi,Excellent
157,E157,Rita,39,SALES,5000,Not Provided,Not Provided,6,Mumbai,Good
158,E158,Rita,39,IT,45135,Not Provided,Not Provided,0,Delhi,Poor
159,E159,Amit,38,IT,50000,Not Provided,Not Provided,6,Delhi,Not Provided
160,E160,Pooja,39,FINANCE,45135,emp59@yahoo.com,Not Provided,6,Delhi,Not Provided
161,E161,Sam,39,HR,50000,emp779@gmail.com,Not Provided,8,Delhi,Average
162,,Meera,39,SALES,45135,emp321@gmail.com,05-10-2020,6,Surat,Good
163,,Ravi,39,HR,50000,emp444@gmail.com,Not Provided,3,Surat,Excelent
164,E164,Rita,53,IT,45135,emp176@gamil.com,2020-05-10,3,Surat,Average
165,E165,Harsh,39,IT,45135,Not Provided,Not Provided,6,Surat,Not Provided
166,E166,Ravi,39,HR,5000,emp463@yahoo.com,Not Provided,6,Delhi,Not Provided
167,E167,John,39,FINANEC,45135,emp977@yahoo.com,05-10-2020,19,Mumbai,Excellent
168,E168,Meera,37,IT,11583,Not Provided,10-05-2020,3,Delhi,Excelent
169,E169,Sneha,55,IT,5000,Not Provided,Not Provided,6,Delhi,Poor
170,,Meera,39,HR,5000,emp647@gamil.com,Not Provided,6,Mumbai,Poor
171,E171,Amit,39,IT,50000,Not Provided,2020-05-10,3,Surat,Good
172,E172,Ankit,39,SALES,45135,emp758@gamil.com,Not Provided,13,Delhi,Excelent
173,E173,Sam,39,IT,5000,Not Provided,2020-05-10,6,Delhi,Excellent
174,E174,Sam,31,IT,45135,emp883@gmail.com,Not Provided,6,Delhi,Not Provided
175,E175,Sneha,39,IT,87991,emp393@gmail.com,2020-05-10,6,Mumbai,Good
176,,Pooja,39,HR,45135,emp231@yahoo.com,2020-05-10,6,Surat,Not Provided
177,,Kunal,39,IT,113310,Not Provided,10-05-2020,6,Delhi,Not Provided
178,,Rita,39,HR,45135,emp653@gamil.com,10-05-2020,3,Delhi,Not Provided
179,E179,Ankit,39,HR,45135,emp783@gamil.com,05-10-2020,6,Delhi,Poor
180,E180,Meera,23,SALES,51137,emp711@gamil.com,10-05-2020,2,Delhi,Not Provided
181,E181,Sam,39,SALES,5000,Not Provided,05-10-2020,14,Delhi,Not Provided
182,,John,39,IT,45135,emp92@gmail.com,2020-05-10,18,Surat,Not Provided
183,E183,Rita,39,HR,5000,emp726@yahoo.com,2020-05-10,3,Surat,Average
184,E184,Rita,39,FINANEC,45135,emp829@gmail.com,10-05-2020,3,Mumbai,Poor
185,E185,Meera,29,HR,130194,emp912@yahoo.com,05-10-2020,3,Surat,Not Provided
186,E186,Harsh,39,IT,117862,emp134@gamil.com,2020-05-10,20,Surat,Not Provided
187,E187,Sneha,18,SALES,45135,Not Provided,2020-05-10,6,Delhi,Not Provided
188,E188,Sam,20,SALES,50000,emp182@gmail.com,Not Provided,3,Surat,Excellent
189,E189,Pooja,44,FINANCE,63998,emp434@gamil.com,Not Provided,6,Delhi,Excellent
190,,Sneha,55,IT,45135,emp695@gmail.com,10-05-2020,14,Mumbai,Not Provided
191,E191,Pooja,39,FINANCE,45135,emp723@gmail.com,Not Provided,3,Mumbai,Not Provided
192,E192,Ravi,39,HR,45135,emp735@gmail.com,05-10-2020,6,Delhi,Poor
193,E193,Pooja,36,SALES,45135,emp703@gmail.com,Not Provided,20,Delhi,Poor
194,E194,Harsh,39,IT,45135,emp349@gmail.com,2020-05-10,13,Surat,Good
195,E195,Pooja,39,SALES,45135,emp759@gamil.com,05-10-2020,6,Delhi,Not Provided
196,,Kunal,35,IT,50000,Not Provided,10-05-2020,3,Mumbai,Average
197,E197,Rita,24,IT,5000,emp222@gamil.com,2020-05-10,6,Delhi,Not Provided
198,E198,Sneha,39,IT,5000,emp562@gmail.com,Not Provided,6,Delhi,Not Provided
199,E199,Harsh,39,HR,50000,emp295@gmail.com,Not Provided,3,Surat,Excelent
200,E200,Sam,39,FINANCE,134305,emp471@gmail.com,05-10-2020,3,Surat,Excellent
201,E201,Pooja,30,HR,50000,emp189@gmail.com,2020-05-10,6,Mumbai,Not Provided
202,E202,Pooja,53,FINANCE,50000,Not Provided,Not Provided,6,Mumbai,Excelent
203,E203,Sam,39,IT,50000,emp658@gmail.com,2020-05-10,18,Delhi,Good
204,E204,John,39,IT,45135,emp548@yahoo.com,2020-05-10,3,Surat,Good
205,E205,John,39,FINANCE,50000,emp310@gamil.com,Not Provided,6,Mumbai,Not Provided
206,E206,Meera,39,HR,45135,emp462@yahoo.com,2020-05-10,3,Delhi,Excellent
207,,Sam,39,FINANEC,49342,emp562@gmail.com,2020-05-10,3,Delhi,Average
208,,Rekha,51,IT,50000,Not Provided,2020-05-10,6,Delhi,Average
209,,Sneha,39,IT,45135,emp255@gmail.com,2020-05-10,20,Surat,Not Provided
210,E210,Rita,39,SALES,5000,emp704@yahoo.com,05-10-2020,6,Surat,Excelent
211,,Meera,33,IT,24129,emp848@gmail.com,Not Provided,6,Surat,Poor
212,,Amit,39,IT,50000,emp635@gmail.com,05-10-2020,3,Delhi,Good
213,E213,Harsh,39,HR,45135,Not Provided,Not Provided,6,Delhi,Excelent
214,E214,Pooja,28,FINANEC,5000,emp4@gmail.com,2020-05-10,6,Mumbai,Not Provided
215,E215,Sneha,39,FINANCE,45135,emp31@yahoo.com,Not Provided,3,Mumbai,Excelent
216,E216,Meera,39,IT,45135,emp366@gamil.com,2020-05-10,6,Delhi,Poor
217,E217,Harsh,39,IT,5000,Not Provided,2020-05-10,19,Delhi,Average
218,E218,Amit,39,IT,5000,Not Provided,2020-05-10,6,Mumbai,Not Provided
219,E219,Ravi,60,IT,9920,emp232@gmail.com,Not Provided,3,Delhi,Good
220,E220,Pooja,39,IT,45135,Not Provided,10-05-2020,6,Surat,Good
221,E221,Ravi,39,HR,5000,emp756@gmail.com,Not Provided,6,Surat,Not Provided
222,,Sneha,49,SALES,5000,emp338@yahoo.com,2020-05-10,6,Surat,Good
223,E223,Rita,39,FINANEC,5000,emp116@gmail.com,10-05-2020,3,Surat,Not Provided
224,E224,Ankit,35,IT,50000,emp328@gmail.com,10-05-2020,6,Delhi,Excellent
225,E225,Harsh,39,HR,45135,emp121@gmail.com,Not Provided,6,Delhi,Not Provided
226,E226,Kunal,39,SALES,50000,emp384@gmail.com,Not Provided,6,Surat,Excelent
227,E227,Ravi,39,IT,123777,emp112@gamil.com,05-10-2020,6,Mumbai,Average
228,,Meera,39,HR,5000,Not Provided,2020-05-10,3,Delhi,Excelent
229,E229,John,39,HR,45135,emp96@yahoo.com,05-10-2020,6,Delhi,Excelent
230,,Ankit,39,SALES,5000,Not Provided,2020-05-10,4,Surat,Excellent
231,E231,Ravi,58,FINANCE,50000,emp292@gmail.com,Not Provided,6,Delhi,Excelent
232,,Sneha,39,FINANCE,50000,emp277@gamil.com,05-10-2020,3,Mumbai,Excelent
233,E233,Pooja,39,FINANCE,45135,emp518@gamil.com,2020-05-10,6,Mumbai,Excellent
234,E234,Harsh,39,HR,19951,emp82@gmail.com,10-05-2020,6,Delhi,Not Provided
235,,Rita,33,IT,50000,emp253@yahoo.com,2020-05-10,6,Delhi,Not Provided
236,E236,Ravi,47,IT,50000,Not Provided,Not Provided,6,Mumbai,Average
237,,Sam,39,IT,45135,Not Provided,2020-05-10,15,Delhi,Average
238,E238,Amit,39,IT,45135,Not Provided,10-05-2020,6,Delhi,Not Provided
239,,Sam,39,SALES,46118,Not Provided,Not Provided,3,Delhi,Not Provided
240,E240,Amit,37,IT,5000,Not Provided,2020-05-10,6,Delhi,Not Provided
241,E241,Pooja,39,IT,45135,emp937@gmail.com,Not Provided,3,Surat,Not Provided
242,E242,Meera,35,SALES,5000,emp883@gmail.com,Not Provided,3,Surat,Good
243,,Ravi,21,IT,50000,emp404@yahoo.com,2020-05-10,3,Delhi,Not Provided
244,,Rita,39,IT,45135,Not Provided,2020-05-10,9,Mumbai,Excellent
245,E245,Meera,39,HR,5000,emp492@gmail.com,05-10-2020,6,Delhi,Good
246,,Sneha,25,SALES,50000,emp736@gmail.com,Not Provided,18,Delhi,Not Provided
247,E247,Sam,39,FINANCE,5000,emp263@gmail.com,Not Provided,6,Delhi,Not Provided
248,E248,Rita,39,IT,50000,emp511@yahoo.com,Not Provided,6,Delhi,Not Provided
249,E249,Ravi,39,FINANCE,45135,emp740@gamil.com,10-05-2020,8,Surat,Not Provided
250,E250,Kunal,31,HR,5000,emp908@gmail.com,10-05-2020,6,Delhi,Poor
251,E251,Kunal,39,IT,45135,emp997@yahoo.com,05-10-2020,6,Delhi,Excellent
252,E252,John,53,SALES,45135,emp241@gmail.com,2020-05-10,6,Delhi,Excelent
253,,John,39,IT,5000,emp293@yahoo.com,2020-05-10,3,Delhi,Poor
254,E254,Pooja,39,IT,50000,emp5@gamil.com,Not Provided,3,Surat,Not Provided
255,E255,Sneha,39,SALES,45454,emp150@gamil.com,Not Provided,6,Delhi,Poor
256,,Pooja,39,HR,5000,emp300@gamil.com,2020-05-10,6,Delhi,Average
257,,Sneha,39,IT,45135,Not Provided,2020-05-10,6,Delhi,Average
258,E258,Pooja,57,IT,50000,emp36@yahoo.com,2020-05-10,6,Mumbai,Average
259,,Rita,39,IT,45135,Not Provided,2020-05-10,3,Delhi,Not Provided
260,E260,Amit,59,IT,50000,emp559@gamil.com,2020-05-10,6,Delhi,Average
261,E261,Ravi,25,FINANCE,45135,emp357@yahoo.com,Not Provided,6,Surat,Not Provided
262,,Kunal,39,SALES,45135,emp161@gmail.com,2020-05-10,3,Surat,Excelent
263,,Harsh,53,SALES,45135,emp187@gmail.com,05-10-2020,14,Delhi,Good
264,E264,Amit,39,SALES,5000,Not Provided,05-10-2020,6,Delhi,Excellent
265,,Ankit,39,HR,50000,emp631@gmail.com,Not Provided,6,Delhi,Not Provided
266,E266,Ankit,39,HR,139028,emp850@gmail.com,2020-05-10,2,Delhi,Excelent
267,,Kunal,39,IT,45135,emp784@gmail.com,10-05-2020,15,Delhi,Excelent
268,E268,Kunal,21,SALES,5000,emp400@gmail.com,05-10-2020,6,Surat,Poor
269,E269,Rita,39,HR,50000,emp287@gamil.com,2020-05-10,6,Surat,Not Provided
270,E270,Pooja,39,IT,45135,Not Provided,2020-05-10,3,Delhi,Not Provided
271,,Pooja,39,HR,118602,emp808@gmail.com,2020-05-10,3,Delhi,Poor
272,E272,Amit,39,FINANCE,50000,emp863@gmail.com,10-05-2020,3,Surat,Poor
273,,Ankit,39,IT,45135,emp410@gmail.com,Not Provided,3,Delhi,Poor
274,E274,Kunal,39,IT,45135,emp364@gamil.com,2020-05-10,3,Mumbai,Excellent
275,E275,Kunal,39,HR,5000,emp722@gmail.com,Not Provided,3,Surat,Poor
276,E276,Meera,26,SALES,45135,emp732@gmail.com,05-10-2020,6,Delhi,Good
277,E277,Pooja,47,IT,50000,emp926@gmail.com,Not Provided,6,Delhi,Poor
278,E278,Sneha,39,HR,45135,emp341@yahoo.com,05-10-2020,6,Mumbai,Not Provided
279,E279,John ,39,SALES,5000,emp822@gamil.com,Not Provided,6,Delhi,Not Provided
280,,Ankit,39,HR,73459,Not Provided,2020-05-10,6,Surat,Excellent
281,,John,60,HR,70968,emp525@gmail.com,2020-05-10,6,Delhi,Excelent
282,E282,Sam,39,FINANCE,45135,emp605@yahoo.com,Not Provided,17,Delhi,Not Provided
283,E283,Rita,32,IT,45135,emp287@gmail.com,Not Provided,3,Surat,Good
284,E284,Pooja,39,HR,45135,emp364@gmail.com,Not Provided,13,Delhi,Good
285,E285,Rekha,39,HR,45135,emp364@gmail.com,2020-05-10,6,Delhi,Not Provided
286,E286,Amit,39,FINANEC,5000,emp245@gamil.com,10-05-2020,17,Delhi,Excelent
287,E287,Sneha,49,IT,145086,emp583@gamil.com,2020-05-10,6,Delhi,Good
288,,Rekha,40,SALES,50000,Not Provided,2020-05-10,6,Delhi,Not Provided
289,,Amit,39,FINANEC,50000,emp625@gmail.com,2020-05-10,3,Surat,Excellent
290,E290,Harsh,39,SALES,45135,Not Provided,Not Provided,6,Mumbai,Average
291,E291,Rita,57,HR,45135,emp334@gmail.com,05-10-2020,6,Delhi,Excelent
292,E292,Pooja,40,FINANCE,5000,emp467@gamil.com,10-05-2020,6,Delhi,Good
293,E293,Sneha,39,IT,45135,emp752@yahoo.com,Not Provided,6,Delhi,Excelent
294,E294,Rekha,39,IT,5000,emp431@gmail.com,05-10-2020,16,Delhi,Average
295,E295,Amit,39,IT,50000,emp127@gmail.com,Not Provided,6,Delhi,Excelent
296,E296,Pooja,39,FINANCE,5000,emp533@gmail.com,2020-05-10,6,Surat,Not Provided
297,E297,Rekha ,39,HR,5000,emp346@gmail.com,2020-05-10,8,Delhi,Excelent
298,E298,Sneha,39,IT,45135,emp414@gmail.com,Not Provided,3,Delhi,Average
299,E299,Sam,36,IT,50000,emp883@yahoo.com,Not Provided,5,Delhi,Excellent
300,E300,Ravi,39,HR,86325,emp710@gamil.com,10-05-2020,6,Surat,Good
301,E301,Meera,39,IT,5000,emp937@gmail.com,Not Provided,6,Mumbai,Excellent
302,E302,Pooja,39,FINANEC,45135,emp861@yahoo.com,Not Provided,6,Surat,Poor
303,E303,Rekha,39,SALES,45135,emp104@gmail.com,2020-05-10,3,Mumbai,Excellent
304,E304,John,39,HR,50000,Not Provided,Not Provided,3,Surat,Average
305,E305,Sneha,39,IT,45135,emp410@gamil.com,2020-05-10,18,Mumbai,Excellent
306,,Ravi,39,SALES,50000,emp3@gmail.com,Not Provided,10,Delhi,Not Provided
307,,Sam,39,FINANEC,50000,emp76@yahoo.com,05-10-2020,3,Mumbai,Excellent
308,,Rita,53,SALES,37285,Not Provided,05-10-2020,6,Delhi,Excelent
309,,Meera,39,FINANCE,5000,emp481@gmail.com,10-05-2020,3,Delhi,Average
310,E310,Sam,39,HR,45135,emp122@gmail.com,Not Provided,6,Delhi,Not Provided
311,E311,Ankit,53,IT,45135,Not Provided,10-05-2020,17,Mumbai,Excelent
312,E312,Ravi,39,IT,45135,emp807@gamil.com,2020-05-10,3,Delhi,Good
313,E313,Sam,39,FINANCE,5000,emp855@yahoo.com,2020-05-10,6,Delhi,Average
314,E314,Rita,42,IT,45135,emp922@gmail.com,Not Provided,1,Mumbai,Not Provided
315,E315,Meera,39,IT,5000,emp826@gmail.com,10-05-2020,2,Mumbai,Excelent
316,,Pooja,39,HR,5000,emp631@gmail.com,Not Provided,4,Surat,Good
317,E317,Sam,39,IT,50000,emp768@gmail.com,10-05-2020,3,Delhi,Average
318,E318,Kunal,39,SALES,50000,emp405@gamil.com,2020-05-10,3,Mumbai,Excellent
319,E319,Rita,39,IT,26809,emp89@gmail.com,Not Provided,3,Mumbai,Average
320,,John,37,FINANEC,50000,Not Provided,10-05-2020,6,Surat,Average
321,E321,Kunal,39,HR,58983,emp299@gmail.com,2020-05-10,6,Mumbai,Not Provided
322,E322,Rita,49,FINANEC,50000,Not Provided,Not Provided,6,Surat,Not Provided
323,E323,Pooja,39,FINANCE,45135,emp423@gmail.com,05-10-2020,15,Surat,Good
324,,Pooja ,39,SALES,50000,emp802@gmail.com,Not Provided,16,Delhi,Not Provided
325,,Sneha,39,SALES,45135,emp428@gamil.com,2020-05-10,3,Mumbai,Average
326,,Sam,45,HR,31548,emp35@yahoo.com,Not Provided,6,Delhi,Good
327,E327,Ankit,39,IT,50000,emp701@yahoo.com,2020-05-10,6,Surat,Poor
328,E328,Sneha,39,FINANCE,50000,emp698@gmail.com,Not Provided,6,Delhi,Excelent
329,E329,Meera,39,SALES,50000,Not Provided,2020-05-10,3,Delhi,Excellent
330,E330,Ankit,53,FINANEC,5000,emp371@gmail.com,2020-05-10,6,Delhi,Poor
331,E331,John,24,IT,50000,Not Provided,Not Provided,6,Delhi,Not Provided
332,E332,Sneha,39,HR,102555,Not Provided,10-05-2020,3,Mumbai,Good
333,E333,Amit,39,FINANEC,5000,emp906@gmail.com,2020-05-10,3,Delhi,Poor
334,E334,Kunal,39,IT,45135,emp273@gamil.com,2020-05-10,3,Delhi,Poor
335,E335,Ankit,35,IT,45135,emp262@gmail.com,Not Provided,3,Delhi,Poor
336,E336,John,39,SALES,50000,emp677@gamil.com,Not Provided,3,Surat,Not Provided
337,E337,John,39,FINANCE,50000,emp658@gmail.com,2020-05-10,1,Delhi,Excellent
338,E338,Kunal,31,HR,45135,emp360@yahoo.com,Not Provided,3,Delhi,Excellent
339,E339,Rekha,39,IT,45135,emp403@yahoo.com,2020-05-10,3,Delhi,Excellent
340,E340,Sam,39,FINANEC,45135,emp220@gmail.com,05-10-2020,6,Delhi,Not Provided
341,E341,Sneha,27,SALES,45135,emp120@gmail.com,2020-05-10,6,Mumbai,Poor
342,E342,Rita,39,HR,111392,Not Provided,05-10-2020,6,Surat,Poor
343,,Amit,46,SALES,50000,emp856@gmail.com,Not Provided,6,Mumbai,Excelent
344,E344,Rekha,39,HR,111565,emp63@gmail.com,10-05-2020,8,Delhi,Good
345,E345,Amit,37,FINANCE,5000,emp29@gamil.com,Not Provided,3,Surat,Excelent
346,E346,Harsh,39,HR,45135,emp38@gmail.com,2020-05-10,6,Delhi,Good
347,,Kunal,39,SALES,11800,emp636@gmail.com,Not Provided,3,Mumbai,Not Provided
348,E348,Meera,39,FINANEC,5000,emp592@gamil.com,2020-05-10,13,Mumbai,Excellent
349,,Meera ,38,FINANEC,5000,emp939@gmail.com,10-05-2020,6,Delhi,Poor
350,E350,Harsh,39,SALES,50000,emp612@yahoo.com,2020-05-10,2,Surat,Good
351,,Amit,25,IT,50000,emp68@yahoo.com,10-05-2020,6,Delhi,Not Provided
352,E352,Sam,44,HR,115342,emp679@yahoo.com,Not Provided,3,Delhi,Not Provided
353,E353,Amit,39,FINANEC,45135,Not Provided,Not Provided,6,Surat,Poor
354,E354,Sneha,39,SALES,45135,emp891@gamil.com,10-05-2020,6,Delhi,Good
355,,Rita,39,HR,149708,emp134@gmail.com,2020-05-10,6,Surat,Not Provided
356,,Pooja,39,HR,50000,emp433@yahoo.com,Not Provided,18,Delhi,Not Provided
357,,Pooja,39,IT,50000,emp639@gmail.com,2020-05-10,6,Mumbai,Not Provided
358,E358,Kunal,39,FINANCE,45135,emp15@gmail.com,Not Provided,6,Mumbai,Poor
359,E359,Ravi,39,HR,50000,emp84@yahoo.com,2020-05-10,1,Delhi,Not Provided
360,E360,Amit,46,FINANEC,50000,emp283@gmail.com,2020-05-10,3,Delhi,Good
361,E361,Amit,39,IT,5000,emp247@gamil.com,05-10-2020,4,Delhi,Excellent
362,E362,Harsh,42,SALES,45135,emp462@gmail.com,Not Provided,6,Delhi,Excelent
363,E363,Ankit,50,IT,140494,emp451@gamil.com,10-05-2020,6,Delhi,Not Provided
364,E364,Sneha ,33,IT,45135,emp405@gmail.com,Not Provided,6,Delhi,Not Provided
365,E365,Sneha,39,IT,45135,emp14@gmail.com,2020-05-10,3,Surat,Excellent
366,E366,Sneha,52,SALES,50000,Not Provided,Not Provided,6,Delhi,Poor
367,E367,Kunal,39,HR,5000,emp410@yahoo.com,Not Provided,11,Mumbai,Excelent
368,,Meera,39,SALES,5000,emp667@yahoo.com,Not Provided,6,Delhi,Average
369,E369,Harsh,39,IT,45135,Not Provided,10-05-2020,6,Surat,Excellent
370,E370,Meera,39,HR,102956,emp363@gmail.com,10-05-2020,3,Surat,Poor
371,E371,Rekha,39,IT,79933,emp802@gamil.com,Not Provided,6,Surat,Excelent
372,,Meera,47,IT,147939,emp870@gmail.com,2020-05-10,1,Mumbai,Excellent
373,E373,Rekha,39,SALES,36856,emp230@gmail.com,2020-05-10,11,Surat,Average
374,E374,Ravi,39,SALES,37923,Not Provided,05-10-2020,6,Delhi,Not Provided
375,E375,Sam,39,FINANEC,5000,Not Provided,2020-05-10,3,Surat,Average
376,E376,Kunal,44,HR,45135,emp933@gmail.com,2020-05-10,6,Surat,Poor
377,E377,Rekha,19,IT,104330,emp633@gmail.com,2020-05-10,6,Mumbai,Not Provided
378,E378,Ankit,24,FINANEC,50000,Not Provided,05-10-2020,6,Mumbai,Poor
379,E379,Rekha,39,SALES,45135,Not Provided,Not Provided,6,Delhi,Average
380,E380,Rekha,39,IT,45135,emp866@yahoo.com,2020-05-10,3,Mumbai,Not Provided
381,E381,Pooja,39,HR,45135,emp968@yahoo.com,Not Provided,3,Surat,Not Provided
382,E382,Pooja,39,SALES,50000,emp284@gmail.com,2020-05-10,3,Delhi,Poor
383,E383,Amit,39,FINANCE,45135,emp990@yahoo.com,Not Provided,6,Surat,Average
384,,John,39,SALES,45135,emp994@gmail.com,05-10-2020,3,Delhi,Not Provided
385,E385,Pooja,39,IT,61058,emp589@yahoo.com,Not Provided,6,Delhi,Excelent
386,E386,Sam,39,IT,88041,emp471@yahoo.com,Not Provided,3,Surat,Excellent
387,E387,Harsh,39,SALES,45135,Not Provided,10-05-2020,6,Surat,Excellent
388,E388,Sam,39,FINANCE,45135,Not Provided,Not Provided,6,Surat,Not Provided
389,E389,Sneha,45,IT,45135,emp549@gamil.com,2020-05-10,6,Surat,Poor
390,E390,Meera,60,IT,45135,emp870@gmail.com,10-05-2020,3,Surat,Poor
391,E391,Amit,50,FINANCE,5000,emp138@gamil.com,05-10-2020,9,Surat,Excelent
392,E392,Ankit,39,IT,50000,emp920@gmail.com,10-05-2020,6,Delhi,Not Provided
393,E393,John,18,FINANCE,102668,emp494@gmail.com,05-10-2020,6,Mumbai,Not Provided
394,E394,John,39,SALES,5000,Not Provided,2020-05-10,6,Mumbai,Not Provided
395,E395,Ankit,48,FINANCE,45135,emp235@gmail.com,Not Provided,3,Delhi,Average
396,,Sneha,39,HR,5000,Not Provided,Not Provided,6,Delhi,Average
397,E397,Ankit,39,SALES,28300,emp513@yahoo.com,05-10-2020,16,Delhi,Good
398,,Ravi,39,FINANCE,5000,emp640@yahoo.com,2020-05-10,3,Delhi,Good
399,E399,Ankit,39,IT,45135,emp915@gmail.com,Not Provided,6,Mumbai,Average
400,E400,John,39,FINANCE,50000,Not Provided,10-05-2020,3,Surat,Not Provided
401,E401,Ravi,39,HR,45135,Not Provided,2020-05-10,3,Surat,Not Provided
402,E402,Rita,39,IT,50000,emp368@gamil.com,10-05-2020,3,Surat,Average
403,E403,Sneha,39,IT,45135,emp206@gamil.com,05-10-2020,3,Delhi,Not Provided
404,E404,Ankit,41,IT,45135,emp719@gamil.com,05-10-2020,20,Surat,Excelent
405,,Sam,31,HR,45135,Not Provided,05-10-2020,6,Surat,Not Provided
406,,Ankit,39,FINANEC,50000,emp753@gamil.com,2020-05-10,8,Surat,Average
407,,Amit,39,HR,50000,emp210@gmail.com,10-05-2020,6,Delhi,Poor
408,E408,Harsh,35,FINANCE,121239,emp970@gmail.com,Not Provided,1,Delhi,Good
409,E409,Ravi,39,SALES,50000,Not Provided,05-10-2020,13,Surat,Good
410,E410,Meera,39,IT,94731,emp649@yahoo.com,2020-05-10,6,Mumbai,Not Provided
411,E411,John,39,FINANEC,45135,emp125@gmail.com,Not Provided,6,Delhi,Not Provided
412,E412,Rekha,39,IT,135492,emp841@yahoo.com,05-10-2020,8,Delhi,Not Provided
413,,Ankit,39,FINANCE,58936,emp184@gamil.com,Not Provided,6,Delhi,Excellent
414,,Rekha,39,HR,45135,emp179@gamil.com,2020-05-10,6,Delhi,Not Provided
415,E415,Ankit,55,SALES,50000,Not Provided,2020-05-10,3,Mumbai,Excellent
416,E416,Sneha,39,SALES,5000,emp411@gmail.com,Not Provided,6,Delhi,Average
417,,John,39,SALES,45135,emp139@gmail.com,Not Provided,6,Delhi,Not Provided
418,E418,Sneha,46,IT,108393,Not Provided,05-10-2020,16,Delhi,Not Provided
419,E419,Pooja,42,HR,45135,emp844@gmail.com,05-10-2020,20,Mumbai,Excellent
420,E420,Meera,39,IT,50000,emp981@gamil.com,2020-05-10,3,Delhi,Not Provided
421,E421,Sam,39,FINANCE,45135,emp937@yahoo.com,2020-05-10,6,Delhi,Not Provided
422,,Pooja,39,IT,45135,Not Provided,Not Provided,6,Delhi,Not Provided
423,E423,Pooja,39,IT,5000,emp908@gmail.com,10-05-2020,3,Delhi,Average
424,E424,Sam,39,FINANEC,25499,emp964@gmail.com,Not Provided,6,Delhi,Average
425,E425,Rekha,24,IT,50000,emp482@gmail.com,2020-05-10,3,Delhi,Poor
426,E426,John,39,SALES,5000,emp757@gmail.com,2020-05-10,6,Mumbai,Good
427,E427,Pooja,39,FINANCE,45135,Not Provided,10-05-2020,6,Mumbai,Good
428,E428,Sam,39,IT,45135,Not Provided,05-10-2020,6,Delhi,Excelent
429,E429,John,39,IT,45135,Not Provided,05-10-2020,15,Delhi,Average
430,E430,Sam,45,IT,45135,emp185@gmail.com,Not Provided,3,Delhi,Poor
431,E431,Harsh,39,IT,45135,Not Provided,Not Provided,1,Delhi,Poor
432,E432,Rekha,39,HR,45135,emp614@gmail.com,10-05-2020,6,Delhi,Not Provided
433,E433,Rekha,39,SALES,5000,emp545@gmail.com,2020-05-10,6,Mumbai,Excellent
434,E434,Rekha,39,IT,50000,Not Provided,Not Provided,6,Surat,Good
435,E435,Harsh,47,FINANEC,5000,emp540@gmail.com,Not Provided,4,Mumbai,Excellent
436,E436,Rita,39,FINANCE,50000,emp5@yahoo.com,2020-05-10,10,Surat,Excelent
437,,Amit,39,SALES,50000,emp400@gamil.com,2020-05-10,6,Delhi,Poor
438,E438,Sam,43,IT,50000,emp708@gamil.com,2020-05-10,9,Delhi,Average
439,,Sam,39,FINANCE,53713,emp314@gamil.com,Not Provided,3,Surat,Not Provided
440,E440,Rita,39,HR,45135,Not Provided,10-05-2020,3,Mumbai,Poor
441,,Rekha,39,IT,50000,emp167@yahoo.com,2020-05-10,6,Mumbai,Excellent
442,,Sam,39,IT,45135,emp309@gmail.com,2020-05-10,3,Surat,Poor
443,E443,Kunal,39,FINANEC,5000,emp905@gmail.com,05-10-2020,3,Delhi,Good
444,,Rita,39,HR,38886,emp945@yahoo.com,Not Provided,3,Delhi,Excelent
445,E445,Meera,39,IT,50000,emp620@gmail.com,Not Provided,6,Mumbai,Not Provided
446,E446,Pooja,39,IT,45135,emp59@gmail.com,2020-05-10,15,Delhi,Excelent
447,E447,Rekha,39,IT,50000,Not Provided,Not Provided,6,Surat,Excellent
448,E448,Kunal,39,HR,45135,Not Provided,Not Provided,1,Delhi,Good
449,E449,Sam,39,FINANEC,82718,emp637@yahoo.com,2020-05-10,5,Delhi,Poor
450,E450,Ankit,27,HR,45135,emp559@gamil.com,2020-05-10,6,Mumbai,Not Provided
451,E451,Harsh,39,FINANCE,5000,emp803@yahoo.com,Not Provided,6,Delhi,Average
452,E452,Amit,39,SALES,40483,Not Provided,Not Provided,6,Delhi,Average
453,E453,Pooja,39,SALES,5000,emp238@gmail.com,2020-05-10,6,Surat,Poor
454,E454,Pooja,39,HR,45135,emp176@gmail.com,05-10-2020,3,Delhi,Not Provided
455,E455,John,39,HR,45135,emp151@yahoo.com,Not Provided,3,Surat,Average
456,E456,Ravi,60,HR,45135,emp394@gmail.com,Not Provided,6,Delhi,Excellent
457,E457,Sneha,39,IT,45135,emp586@yahoo.com,2020-05-10,3,Delhi,Average
458,E458,Ankit,39,FINANCE,5000,emp671@gmail.com,05-10-2020,6,Delhi,Average
459,E459,Amit,39,IT,124638,emp721@gamil.com,Not Provided,3,Surat,Average
460,E460,Ankit,39,HR,50000,emp737@yahoo.com,Not Provided,20,Surat,Excelent
461,,Rita,39,FINANCE,81780,emp678@gamil.com,2020-05-10,6,Delhi,Average
462,E462,Sneha,34,IT,50000,emp410@yahoo.com,Not Provided,6,Delhi,Not Provided
463,,Kunal,39,FINANEC,15371,Not Provided,2020-05-10,19,Delhi,Poor
464,E464,Harsh,39,SALES,50000,emp312@gmail.com,Not Provided,6,Delhi,Poor
465,E465,Rekha,39,FINANCE,45135,Not Provided,2020-05-10,9,Delhi,Excellent
466,,Kunal,20,FINANCE,45135,Not Provided,05-10-2020,18,Surat,Excelent
467,E467,Sam,39,SALES,45135,emp565@yahoo.com,2020-05-10,6,Mumbai,Excelent
468,E468,Rekha,56,SALES,45135,emp783@gmail.com,2020-05-10,6,Surat,Excellent
469,,Harsh,39,IT,5000,Not Provided,Not Provided,6,Mumbai,Not Provided
470,,Ankit,39,FINANEC,92217,Not Provided,10-05-2020,6,Delhi,Good
471,,Harsh,39,IT,89044,emp24@yahoo.com,Not Provided,3,Delhi,Average
472,,Rekha,39,HR,5000,emp977@yahoo.com,Not Provided,16,Delhi,Not Provided
473,,Amit,39,IT,113427,emp840@gmail.com,05-10-2020,6,Delhi,Not Provided
474,E474,Ravi,43,IT,50000,emp31@yahoo.com,Not Provided,5,Delhi,Good
475,E475,Rekha,39,HR,45135,emp388@gmail.com,Not Provided,6,Delhi,Not Provided
476,E476,John,39,HR,50000,emp212@gmail.com,05-10-2020,6,Surat,Average
477,E477,Ravi ,39,IT,29363,emp728@gmail.com,Not Provided,6,Delhi,Not Provided
478,E478,Sam,39,FINANCE,5000,emp924@yahoo.com,2020-05-10,6,Delhi,Average
479,E479,Sam,22,FINANEC,45135,emp811@gmail.com,10-05-2020,0,Surat,Excelent
480,E480,Ravi,39,HR,45135,Not Provided,2020-05-10,3,Delhi,Poor
481,E481,Amit ,39,IT,45135,Not Provided,05-10-2020,6,Delhi,Not Provided
482,E482,Rekha,39,IT,50000,emp2@gmail.com,05-10-2020,3,Mumbai,Good
483,E483,Ankit,39,HR,45135,Not Provided,2020-05-10,19,Delhi,Good
484,,Meera ,39,SALES,77233,emp761@gamil.com,2020-05-10,6,Delhi,Not Provided
485,E485,Harsh,44,FINANEC,50000,Not Provided,2020-05-10,6,Delhi,Not Provided
486,E486,Ankit,39,FINANCE,50000,Not Provided,10-05-2020,6,Delhi,Excelent
487,E487,Ankit,35,IT,17484,emp80@yahoo.com,2020-05-10,3,Delhi,Poor
488,E488,Rita,39,IT,45135,emp946@gamil.com,10-05-2020,9,Delhi,Not Provided
489,,Rekha,39,FINANEC,45135,emp373@gmail.com,2020-05-10,7,Delhi,Average
490,E490,Sam,39,HR,136325,emp78@gmail.com,2020-05-10,6,Delhi,Average
491,E491,Harsh,59,HR,45135,emp192@gmail.com,2020-05-10,6,Delhi,Good
492,E492,Kunal,39,IT,45135,emp262@gmail.com,2020-05-10,6,Delhi,Poor
493,E493,Amit,39,IT,64244,emp681@yahoo.com,Not Provided,3,Delhi,Excelent
494,E494,Amit,52,IT,9451,emp756@gmail.com,Not Provided,6,Mumbai,Average
495,,Sam,39,IT,45135,emp782@gamil.com,05-10-2020,6,Mumbai,Good
496,E496,Ravi,39,HR,81507,emp471@gmail.com,10-05-2020,6,Delhi,Not Provided
497,E497,Harsh,19,IT,50000,emp132@gamil.com,Not Provided,6,Surat,Not Provided
498,,Harsh,34,FINANEC,5000,emp522@gmail.com,2020-05-10,3,Surat,Average
499,E499,Rita,39,SALES,50000,emp983@yahoo.com,2020-05-10,3,Delhi,Not Provided
500,E500,Meera,39,SALES,45135,emp995@yahoo.com,Not Provided,6,Mumbai,Excellent
501,E501,Sam,55,IT,5000,emp466@gmail.com,2020-05-10,6,Surat,Good
502,E502,Rita,41,IT,79986,emp597@yahoo.com,05-10-2020,6,Mumbai,Excellent
503,E503,Sam,47,IT,5000,emp714@yahoo.com,10-05-2020,3,Delhi,Excelent
504,,Harsh,20,IT,45135,emp407@gmail.com,05-10-2020,17,Delhi,Excelent
505,E505,Kunal,39,FINANEC,45135,Not Provided,2020-05-10,6,Mumbai,Excelent
506,,Meera,49,FINANEC,45135,emp957@gmail.com,Not Provided,6,Delhi,Not Provided
507,,Sneha,39,IT,45135,emp511@yahoo.com,05-10-2020,6,Surat,Poor
508,E508,Amit,39,IT,50000,emp757@gmail.com,05-10-2020,6,Surat,Excelent
509,E509,Rita,39,IT,138881,emp624@gamil.com,10-05-2020,20,Surat,Excellent
510,,Meera,39,SALES,50000,emp835@gmail.com,05-10-2020,16,Mumbai,Average
511,E511,Sam,55,IT,5000,emp163@gmail.com,05-10-2020,6,Delhi,Excellent
512,E512,Rita,39,IT,5000,emp435@gamil.com,Not Provided,3,Surat,Excellent
513,E513,Rekha,39,SALES,5000,emp987@gamil.com,2020-05-10,6,Surat,Excelent
514,E514,Ravi ,39,IT,55583,emp935@gamil.com,Not Provided,17,Surat,Good
515,E515,Rita,39,SALES,5000,Not Provided,Not Provided,3,Delhi,Excelent
516,E516,Kunal,39,FINANEC,95395,emp460@yahoo.com,Not Provided,12,Surat,Not Provided
517,E517,Ravi,39,FINANEC,117075,emp986@gamil.com,10-05-2020,6,Delhi,Not Provided
518,E518,Rekha,39,SALES,45135,emp473@yahoo.com,2020-05-10,6,Delhi,Not Provided
519,E519,Harsh,39,IT,45135,emp56@gmail.com,Not Provided,4,Delhi,Good
520,E520,Sneha,39,HR,45135,emp594@yahoo.com,05-10-2020,6,Surat,Excelent
521,E521,Ravi,39,SALES,45135,emp395@gmail.com,10-05-2020,6,Delhi,Not Provided
522,E522,Sam,39,FINANEC,5000,emp100@gmail.com,2020-05-10,6,Surat,Excellent
523,E523,Kunal,39,HR,80024,emp588@yahoo.com,10-05-2020,4,Mumbai,Good
524,E524,Rita,39,FINANCE,5000,emp429@yahoo.com,2020-05-10,6,Delhi,Not Provided
525,E525,Sneha,39,IT,50000,emp588@gmail.com,2020-05-10,6,Mumbai,Poor
526,,Amit,39,HR,5000,Not Provided,2020-05-10,6,Mumbai,Poor
527,,John,39,SALES,50000,Not Provided,10-05-2020,3,Mumbai,Average
528,E528,Meera,39,IT,45135,emp714@yahoo.com,05-10-2020,13,Delhi,Excelent
529,E529,Kunal,39,FINANCE,45135,emp846@gamil.com,2020-05-10,6,Delhi,Good
530,E530,Pooja,39,HR,45135,emp536@gamil.com,Not Provided,3,Mumbai,Excellent
531,E531,Rekha,39,SALES,54279,emp780@gamil.com,2020-05-10,3,Delhi,Excelent
532,E532,Ravi,39,FINANEC,76826,emp96@gamil.com,05-10-2020,6,Mumbai,Average
533,,Sam,39,HR,50000,Not Provided,05-10-2020,6,Mumbai,Not Provided
534,,Pooja,39,HR,50000,emp580@yahoo.com,Not Provided,3,Mumbai,Good
535,E535,Amit,39,HR,50000,emp813@gamil.com,2020-05-10,17,Surat,Average
536,E536,Sneha,39,SALES,45135,Not Provided,05-10-2020,6,Surat,Good
537,E537,Meera,39,IT,45135,emp742@gmail.com,2020-05-10,9,Delhi,Not Provided
538,,Meera,39,SALES,50000,emp998@gmail.com,05-10-2020,3,Delhi,Excellent
539,,Meera,39,HR,45135,emp84@gamil.com,10-05-2020,6,Delhi,Average
540,E540,Harsh,39,HR,116503,Not Provided,05-10-2020,14,Delhi,Good
541,E541,Ravi,39,SALES,5000,Not Provided,10-05-2020,15,Delhi,Poor
542,E542,Pooja,41,IT,28727,emp222@gamil.com,Not Provided,3,Delhi,Not Provided
543,E543,Ravi,25,IT,50000,emp782@yahoo.com,Not Provided,17,Surat,Good
544,E544,Ravi,39,SALES,45135,emp492@yahoo.com,Not Provided,0,Delhi,Excelent
545,,Rekha,39,HR,5000,emp643@gmail.com,Not Provided,3,Delhi,Excelent
546,E546,Ankit,39,IT,5000,emp522@gmail.com,2020-05-10,6,Mumbai,Not Provided
547,,John,39,HR,45135,Not Provided,Not Provided,6,Delhi,Poor
548,E548,Meera,39,HR,45135,emp357@yahoo.com,Not Provided,12,Mumbai,Excellent
549,E549,John,39,IT,45135,emp728@yahoo.com,2020-05-10,6,Delhi,Not Provided
550,,Meera,23,IT,5000,emp176@yahoo.com,2020-05-10,3,Delhi,Not Provided
551,E551,Pooja,45,SALES,50000,emp488@gmail.com,05-10-2020,3,Surat,Average
552,,John,39,HR,5000,Not Provided,2020-05-10,6,Delhi,Not Provided
553,,Ankit,39,FINANEC,72643,emp444@gmail.com,05-10-2020,3,Mumbai,Excelent
554,E554,Harsh,39,IT,50000,emp909@gamil.com,Not Provided,14,Mumbai,Excelent
555,,Ravi,39,HR,45135,emp2@gmail.com,Not Provided,6,Delhi,Not Provided
556,E556,Sam,39,SALES,5000,emp399@gamil.com,Not Provided,10,Surat,Excellent
557,,Harsh,39,IT,45135,emp64@yahoo.com,Not Provided,6,Surat,Excellent
558,,Sneha,18,FINANEC,14611,emp171@gamil.com,2020-05-10,6,Surat,Excelent
559,E559,Sam,39,IT,45135,emp583@yahoo.com,2020-05-10,4,Delhi,Not Provided
560,E560,Rekha,39,HR,45135,emp602@gamil.com,Not Provided,3,Delhi,Not Provided
561,E561,Kunal,39,SALES,50000,emp474@yahoo.com,Not Provided,9,Surat,Not Provided
562,E562,Kunal,39,FINANCE,45135,emp626@gamil.com,Not Provided,3,Mumbai,Excelent
563,E563,Pooja,39,FINANEC,45135,emp43@gamil.com,Not Provided,6,Mumbai,Poor
564,,Ankit,39,IT,45135,emp307@gmail.com,Not Provided,3,Mumbai,Good
565,E565,Harsh,34,IT,50000,emp992@gamil.com,Not Provided,6,Delhi,Excelent
566,E566,Sam,39,SALES,93373,Not Provided,2020-05-10,3,Delhi,Excelent
567,,Pooja,34,HR,141620,emp224@gmail.com,05-10-2020,6,Delhi,Not Provided
568,E568,Ravi,39,IT,45135,emp757@yahoo.com,10-05-2020,11,Delhi,Poor
569,E569,Amit,39,IT,5000,emp222@gmail.com,05-10-2020,3,Mumbai,Good
570,E570,Pooja,44,SALES,5000,emp941@yahoo.com,2020-05-10,6,Mumbai,Not Provided
571,E571,Ankit,39,IT,45135,Not Provided,Not Provided,11,Mumbai,Excelent
572,E572,Amit,39,SALES,50000,emp295@yahoo.com,2020-05-10,6,Surat,Average
573,,Sam,39,HR,45135,emp695@yahoo.com,Not Provided,3,Delhi,Not Provided
574,,Sam,39,HR,45135,emp121@gmail.com,05-10-2020,6,Mumbai,Good
575,E575,Harsh,39,FINANCE,45135,emp273@yahoo.com,2020-05-10,20,Surat,Average
576,E576,Ankit,39,IT,120899,emp605@gmail.com,2020-05-10,3,Surat,Good
577,E577,Amit,39,IT,45135,emp466@gamil.com,2020-05-10,6,Delhi,Excelent
578,E578,Sam,57,IT,13043,emp611@gamil.com,2020-05-10,1,Delhi,Poor
579,E579,Meera,22,IT,5000,emp319@gmail.com,05-10-2020,3,Mumbai,Excellent
580,E580,Rita,39,FINANEC,45135,emp806@gmail.com,2020-05-10,3,Delhi,Excelent
581,E581,Sneha,39,SALES,50000,emp624@gmail.com,2020-05-10,6,Surat,Good
582,,John,39,IT,5000,emp855@gmail.com,2020-05-10,14,Surat,Average
583,E583,Rita,39,IT,8112,emp947@yahoo.com,Not Provided,3,Delhi,Poor
584,E584,Sam,24,IT,94951,emp353@gmail.com,05-10-2020,6,Mumbai,Not Provided
585,E585,Rekha,39,SALES,45135,emp368@yahoo.com,05-10-2020,6,Mumbai,Poor
586,E586,Pooja,39,IT,5000,emp264@gmail.com,10-05-2020,6,Delhi,Not Provided
587,E587,Sneha,39,SALES,50000,emp328@gmail.com,05-10-2020,2,Delhi,Excelent
588,,Amit,39,SALES,45135,emp793@gamil.com,05-10-2020,7,Mumbai,Not Provided
589,E589,Ravi,39,HR,19304,emp384@gamil.com,05-10-2020,6,Delhi,Poor
590,E590,Ravi,39,IT,45135,emp455@gamil.com,10-05-2020,6,Delhi,Excellent
591,E591,Rita,39,IT,50000,emp786@gamil.com,Not Provided,6,Mumbai,Good
592,E592,Harsh,39,SALES,45135,emp666@gamil.com,2020-05-10,6,Delhi,Not Provided
593,E593,Sam,39,IT,144955,Not Provided,Not Provided,16,Mumbai,Good
594,,Sam,44,SALES,50000,emp681@gmail.com,2020-05-10,6,Delhi,Average
595,E595,Ankit,19,FINANCE,5000,emp625@gmail.com,2020-05-10,3,Surat,Excelent
596,,Rekha,39,HR,50000,Not Provided,Not Provided,3,Delhi,Average
597,E597,Rekha ,39,FINANCE,121484,emp876@gmail.com,10-05-2020,3,Delhi,Excellent
598,,Harsh,39,IT,107824,Not Provided,05-10-2020,8,Surat,Poor
599,,Amit,23,FINANEC,42506,emp149@gamil.com,2020-05-10,3,Delhi,Not Provided
600,E600,John,39,IT,50000,emp362@yahoo.com,Not Provided,6,Surat,Excelent
601,,Rita,39,HR,45135,Not Provided,10-05-2020,6,Surat,Good
602,E602,John,47,IT,45135,emp647@gamil.com,05-10-2020,3,Delhi,Average
603,E603,Meera,39,FINANCE,5000,Not Provided,Not Provided,6,Delhi,Average
604,E604,Rita,39,HR,45135,emp705@gamil.com,Not Provided,3,Delhi,Not Provided
605,E605,Ravi,39,FINANCE,104217,emp818@gamil.com,10-05-2020,6,Surat,Excelent
606,E606,Harsh,39,SALES,50000,emp839@gmail.com,05-10-2020,3,Mumbai,Not Provided
607,,Rita,39,SALES,45135,emp667@yahoo.com,2020-05-10,6,Delhi,Good
608,E608,Sam,39,IT,50000,emp306@gamil.com,Not Provided,2,Delhi,Excellent
609,E609,Ankit,39,IT,45135,Not Provided,2020-05-10,6,Delhi,Not Provided
610,E610,Meera,39,IT,105847,emp611@gmail.com,2020-05-10,3,Delhi,Not Provided
611,E611,John,39,HR,45135,emp242@gamil.com,Not Provided,6,Delhi,Good
612,E612,Sam,39,SALES,45135,emp700@gmail.com,2020-05-10,20,Mumbai,Not Provided
613,E613,Ankit,39,FINANCE,5000,emp693@gmail.com,2020-05-10,3,Surat,Excellent
614,E614,Ankit,39,FINANEC,45135,Not Provided,Not Provided,6,Surat,Average
615,E615,Ankit,35,IT,50000,Not Provided,05-10-2020,3,Delhi,Not Provided
616,E616,Sneha,24,IT,50000,emp107@yahoo.com,2020-05-10,3,Delhi,Poor
617,E617,Rita,39,IT,122462,emp107@yahoo.com,2020-05-10,3,Delhi,Good
618,E618,John,39,FINANCE,45135,emp441@yahoo.com,2020-05-10,6,Mumbai,Not Provided
619,E619,Rita,39,HR,5000,Not Provided,Not Provided,6,Delhi,Excelent
620,E620,Meera,39,SALES,5000,emp292@gamil.com,10-05-2020,6,Mumbai,Good
621,E621,Harsh,42,IT,50000,Not Provided,2020-05-10,6,Delhi,Good
622,,Kunal,39,IT,45135,emp447@gmail.com,05-10-2020,3,Mumbai,Good
623,E623,John,39,HR,51810,Not Provided,2020-05-10,6,Mumbai,Poor
624,E624,Rita,39,SALES,31613,emp904@gamil.com,Not Provided,16,Mumbai,Poor
625,E625,Ankit,39,IT,45135,emp430@gamil.com,05-10-2020,2,Mumbai,Not Provided
626,E626,Meera,39,FINANCE,45135,Not Provided,2020-05-10,6,Delhi,Poor
627,E627,John,39,IT,143075,emp748@gmail.com,10-05-2020,19,Mumbai,Poor
628,E628,Sneha,45,SALES,80704,Not Provided,Not Provided,6,Delhi,Not Provided
629,E629,Rita,39,IT,45135,Not Provided,10-05-2020,6,Delhi,Poor
630,E630,Amit,39,SALES,135477,emp883@yahoo.com,10-05-2020,6,Mumbai,Not Provided
631,E631,Sneha,39,SALES,50000,Not Provided,Not Provided,6,Surat,Not Provided
632,,John,50,IT,45135,emp958@yahoo.com,Not Provided,6,Mumbai,Excelent
633,E633,Kunal,39,IT,45135,emp887@yahoo.com,10-05-2020,12,Delhi,Good
634,E634,Kunal,39,IT,5000,emp349@gmail.com,10-05-2020,3,Surat,Excellent
635,E635,Ankit,44,FINANEC,5000,emp612@gmail.com,2020-05-10,3,Mumbai,Not Provided
636,E636,Kunal,39,IT,39156,Not Provided,10-05-2020,6,Surat,Not Provided
637,E637,Ankit,39,HR,102250,emp6@gamil.com,Not Provided,20,Delhi,Excelent
638,E638,Ankit,39,SALES,45135,emp205@gamil.com,Not Provided,3,Delhi,Not Provided
639,,Rekha,39,HR,45135,emp427@gmail.com,05-10-2020,18,Surat,Excellent
640,E640,Rekha,39,IT,132250,emp795@gamil.com,Not Provided,6,Surat,Poor
641,E641,Sneha,39,FINANEC,5000,emp760@gmail.com,Not Provided,3,Delhi,Excellent
642,E642,Sneha,39,FINANCE,45135,emp295@gamil.com,2020-05-10,6,Delhi,Not Provided
643,E643,Meera,39,IT,5000,emp389@gmail.com,05-10-2020,6,Mumbai,Average
644,E644,Sam,39,HR,45135,emp995@gamil.com,2020-05-10,17,Mumbai,Poor
645,E645,Pooja,39,IT,45135,emp72@yahoo.com,2020-05-10,14,Delhi,Excelent
646,,Rita,52,SALES,50000,emp776@yahoo.com,Not Provided,6,Mumbai,Poor
647,E647,Rekha,34,HR,5000,emp657@gamil.com,10-05-2020,6,Delhi,Not Provided
648,,Sneha,21,IT,5000,emp936@gmail.com,2020-05-10,6,Surat,Not Provided
649,E649,Sam,39,SALES,45135,emp252@gamil.com,Not Provided,6,Surat,Not Provided
650,,Meera,39,IT,50000,emp619@gamil.com,Not Provided,3,Delhi,Good
651,E651,Sam,39,IT,32295,emp16@gamil.com,05-10-2020,6,Delhi,Excelent
652,E652,Rita,39,IT,127664,Not Provided,2020-05-10,6,Surat,Not Provided
653,E653,Sam ,39,FINANCE,5000,emp949@yahoo.com,Not Provided,6,Mumbai,Excellent
654,,Meera,39,HR,45135,emp122@gmail.com,10-05-2020,6,Mumbai,Excellent
655,E655,Sneha,39,FINANEC,50000,emp491@gmail.com,Not Provided,6,Mumbai,Average
656,,Ankit,39,FINANEC,45135,emp329@gmail.com,2020-05-10,3,Delhi,Excellent
657,E657,Ravi,39,IT,45135,emp309@gamil.com,2020-05-10,6,Delhi,Poor
658,E658,Ankit,39,HR,45135,emp969@gmail.com,05-10-2020,3,Delhi,Not Provided
659,E659,Sneha,39,SALES,45135,emp670@gmail.com,05-10-2020,6,Mumbai,Not Provided
660,E660,Kunal,39,IT,45135,Not Provided,2020-05-10,3,Surat,Excelent
661,E661,Kunal,56,IT,45135,emp526@gmail.com,10-05-2020,6,Surat,Poor
662,E662,Sneha,39,FINANEC,61271,emp944@yahoo.com,2020-05-10,7,Surat,Good
663,E663,Pooja,39,FINANEC,50000,emp960@gmail.com,Not Provided,6,Delhi,Average
664,E664,Sneha,39,SALES,45135,emp821@gamil.com,05-10-2020,3,Delhi,Excellent
665,E665,Sneha,39,IT,5000,emp545@yahoo.com,2020-05-10,6,Surat,Average
666,,Ravi ,39,IT,45135,emp433@gamil.com,05-10-2020,6,Delhi,Good
667,,Sam ,39,HR,50000,emp470@gamil.com,05-10-2020,7,Delhi,Excelent
668,E668,Amit,39,HR,36084,Not Provided,2020-05-10,6,Delhi,Not Provided
669,,Rita,39,IT,45135,emp765@gamil.com,2020-05-10,3,Delhi,Average
670,E670,Ravi,39,HR,28124,emp14@yahoo.com,10-05-2020,6,Delhi,Not Provided
671,E671,Rita,39,HR,107875,emp187@gmail.com,Not Provided,6,Delhi,Excellent
672,E672,Kunal,22,IT,108905,emp171@gmail.com,10-05-2020,6,Mumbai,Average
673,E673,John,39,HR,45135,Not Provided,2020-05-10,6,Delhi,Not Provided
674,E674,Pooja,39,IT,42269,emp95@gmail.com,Not Provided,6,Surat,Not Provided
675,E675,Sam,39,FINANEC,50000,Not Provided,2020-05-10,3,Delhi,Excelent
676,,Ravi,39,IT,50000,emp486@gmail.com,2020-05-10,6,Delhi,Excelent
677,E677,Ravi,39,IT,50000,emp38@yahoo.com,2020-05-10,6,Delhi,Excelent
678,,Amit,39,HR,45135,emp604@gamil.com,05-10-2020,16,Delhi,Excelent
679,E679,Kunal,39,IT,5000,emp895@gmail.com,Not Provided,6,Mumbai,Poor
680,E680,Rekha,39,FINANCE,45135,Not Provided,2020-05-10,3,Delhi,Not Provided
681,E681,Sneha,39,IT,45135,emp683@gmail.com,Not Provided,2,Mumbai,Poor
682,E682,Amit,39,IT,5000,emp449@gamil.com,Not Provided,6,Mumbai,Excelent
683,E683,John,39,HR,45135,emp278@gmail.com,Not Provided,6,Mumbai,Excelent
684,E684,Kunal,39,IT,43311,emp721@gmail.com,2020-05-10,7,Surat,Poor
685,E685,Sneha,39,SALES,89194,emp260@yahoo.com,2020-05-10,6,Delhi,Average
686,E686,John,43,IT,45135,emp229@gamil.com,Not Provided,6,Surat,Excelent
687,E687,John,38,SALES,93207,emp605@gamil.com,2020-05-10,6,Mumbai,Not Provided
688,E688,Kunal,39,HR,45135,emp305@gamil.com,10-05-2020,3,Mumbai,Excellent
689,E689,John,39,IT,50000,emp412@gmail.com,10-05-2020,3,Surat,Poor
690,E690,Meera,39,IT,32664,emp49@gmail.com,05-10-2020,3,Surat,Good
691,E691,Rekha,39,HR,117200,emp494@gamil.com,Not Provided,4,Delhi,Poor
692,,Pooja,19,SALES,50000,emp348@gamil.com,10-05-2020,3,Surat,Good
693,,Amit,39,SALES,5000,emp494@yahoo.com,2020-05-10,6,Delhi,Excellent
694,E694,Kunal,39,HR,5000,emp898@gamil.com,10-05-2020,9,Surat,Excelent
695,E695,Sam,39,IT,56480,emp14@gmail.com,10-05-2020,6,Delhi,Average
696,E696,John,25,IT,20429,emp312@gamil.com,Not Provided,6,Delhi,Not Provided
697,,Amit ,39,IT,87905,emp454@gamil.com,05-10-2020,3,Surat,Not Provided
698,E698,Kunal,39,FINANEC,5000,emp219@yahoo.com,Not Provided,6,Surat,Not Provided
699,E699,Kunal,39,IT,45135,Not Provided,Not Provided,3,Mumbai,Good
700,E700,Pooja,39,SALES,45135,emp660@yahoo.com,10-05-2020,7,Delhi,Excelent
701,E701,Kunal,53,HR,5000,emp964@yahoo.com,Not Provided,2,Surat,Not Provided
702,E702,John,39,IT,45135,emp731@gmail.com,2020-05-10,5,Delhi,Not Provided
703,E703,Kunal,37,HR,5000,Not Provided,2020-05-10,6,Surat,Poor
704,E704,Kunal,51,SALES,45135,emp409@gamil.com,2020-05-10,8,Delhi,Poor
705,E705,John,39,IT,5000,emp635@gmail.com,2020-05-10,6,Mumbai,Average
706,E706,Meera,39,IT,45135,Not Provided,Not Provided,6,Surat,Not Provided
707,,Harsh,39,IT,45135,emp397@gamil.com,2020-05-10,6,Surat,Good
708,E708,Kunal,58,FINANCE,45135,Not Provided,2020-05-10,3,Delhi,Not Provided
709,,Rita,39,SALES,5000,emp933@gmail.com,2020-05-10,6,Delhi,Poor
710,,Meera,39,FINANEC,50000,emp561@gamil.com,05-10-2020,3,Mumbai,Not Provided
711,E711,Sam,39,FINANCE,5000,Not Provided,Not Provided,6,Delhi,Average
712,E712,Kunal,39,SALES,50000,emp878@gmail.com,2020-05-10,6,Delhi,Good
713,E713,Sam,39,HR,5000,emp688@gmail.com,Not Provided,3,Delhi,Excelent
714,E714,Kunal,39,FINANEC,40824,emp699@gmail.com,Not Provided,3,Delhi,Poor
715,E715,Ravi,39,HR,50000,Not Provided,2020-05-10,6,Mumbai,Not Provided
716,E716,Pooja,39,IT,5000,emp778@yahoo.com,2020-05-10,3,Mumbai,Good
717,E717,Ravi,39,IT,5000,Not Provided,05-10-2020,6,Delhi,Not Provided
718,E718,Ravi,39,IT,45135,emp570@gmail.com,Not Provided,15,Delhi,Not Provided
719,E719,Ravi,39,IT,50000,Not Provided,05-10-2020,3,Delhi,Poor
720,,John,39,HR,5000,emp290@gmail.com,2020-05-10,6,Delhi,Not Provided
721,E721,Ravi ,39,SALES,50000,emp327@gmail.com,Not Provided,3,Delhi,Good
722,,Amit,33,IT,45135,emp388@gmail.com,10-05-2020,3,Mumbai,Not Provided
723,E723,Ankit,39,SALES,45135,emp163@gmail.com,10-05-2020,6,Surat,Excellent
724,E724,John,39,HR,45135,emp196@yahoo.com,Not Provided,3,Surat,Excelent
725,E725,Rita,21,IT,50000,emp193@gmail.com,Not Provided,6,Delhi,Excelent
726,E726,Ravi,39,IT,45135,Not Provided,Not Provided,6,Delhi,Excelent
727,E727,Kunal,39,IT,5000,emp817@yahoo.com,10-05-2020,6,Mumbai,Poor
728,,Pooja,39,IT,37765,Not Provided,Not Provided,3,Mumbai,Excellent
729,E729,Harsh,52,IT,5000,emp298@gmail.com,2020-05-10,2,Mumbai,Excelent
730,E730,Harsh,34,IT,50000,emp952@gmail.com,2020-05-10,6,Delhi,Average
731,,Amit,39,FINANEC,5000,Not Provided,2020-05-10,6,Surat,Not Provided
732,E732,Rekha,39,HR,67791,emp744@yahoo.com,10-05-2020,6,Surat,Excelent
733,E733,Meera,39,IT,45135,emp622@gmail.com,05-10-2020,6,Delhi,Good
734,E734,Sam,39,SALES,5000,emp331@yahoo.com,2020-05-10,6,Mumbai,Excellent
735,E735,John,39,HR,45135,emp617@yahoo.com,10-05-2020,6,Surat,Excellent
736,E736,Pooja,46,SALES,45135,Not Provided,2020-05-10,1,Mumbai,Not Provided
737,E737,Harsh,39,IT,5000,emp221@gmail.com,Not Provided,3,Delhi,Good
738,,Kunal,39,IT,138265,emp782@yahoo.com,Not Provided,6,Mumbai,Not Provided
739,,Rita,48,IT,50000,emp775@gmail.com,2020-05-10,6,Delhi,Poor
740,E740,Kunal,39,IT,14679,emp332@yahoo.com,2020-05-10,6,Surat,Average
741,E741,Ankit,39,HR,50000,Not Provided,Not Provided,6,Delhi,Excellent
742,E742,Kunal,42,IT,5000,emp818@gmail.com,Not Provided,6,Delhi,Excelent
743,E743,Ankit,39,HR,50000,emp861@gmail.com,05-10-2020,3,Surat,Not Provided
744,E744,John,28,IT,5000,Not Provided,Not Provided,6,Delhi,Good
745,,Amit,59,HR,50000,emp264@gamil.com,2020-05-10,3,Surat,Not Provided
746,E746,Harsh,19,HR,50000,emp576@yahoo.com,Not Provided,6,Delhi,Poor
747,E747,Sneha,39,IT,5000,emp872@gmail.com,Not Provided,3,Delhi,Poor
748,E748,Harsh,39,IT,45135,emp227@gamil.com,Not Provided,6,Delhi,Good
749,,Sneha,39,HR,45135,emp772@gamil.com,10-05-2020,3,Delhi,Average
750,E750,Rekha,39,FINANEC,5000,emp15@gmail.com,2020-05-10,4,Mumbai,Poor
751,,Kunal,32,IT,45135,emp352@yahoo.com,2020-05-10,12,Delhi,Not Provided
752,E752,Ravi,39,FINANCE,45135,emp530@yahoo.com,Not Provided,3,Delhi,Average
753,E753,Rita,20,IT,50000,emp829@gamil.com,2020-05-10,6,Delhi,Not Provided
754,E754,Rita,39,HR,5000,emp917@gmail.com,05-10-2020,6,Delhi,Average
755,E755,Meera,39,IT,50000,emp823@gamil.com,10-05-2020,18,Delhi,Excelent
756,,Rekha ,39,IT,45135,emp343@gmail.com,05-10-2020,6,Delhi,Good
757,E757,Ankit,39,FINANEC,50000,Not Provided,2020-05-10,3,Delhi,Good
758,E758,Sneha,39,HR,45135,emp466@gmail.com,Not Provided,6,Delhi,Not Provided
759,E759,Ankit,39,IT,50000,emp783@gmail.com,Not Provided,6,Mumbai,Not Provided
760,E760,Kunal,39,SALES,45135,emp106@gmail.com,10-05-2020,3,Delhi,Poor
761,E761,Rekha,39,IT,45135,Not Provided,Not Provided,3,Delhi,Average
762,E762,Rekha,36,IT,5000,emp136@gmail.com,Not Provided,6,Delhi,Average
763,,Sneha,39,FINANCE,50000,emp277@gmail.com,Not Provided,3,Delhi,Good
764,E764,Pooja,39,SALES,50000,Not Provided,Not Provided,19,Surat,Excellent
765,E765,Rekha,39,IT,45135,emp243@gmail.com,10-05-2020,3,Delhi,Not Provided
766,E766,Meera,31,SALES,45135,emp967@gamil.com,2020-05-10,8,Delhi,Good
767,E767,Amit,39,SALES,45135,emp773@yahoo.com,10-05-2020,6,Delhi,Good
768,E768,Rita,38,IT,50000,emp295@gmail.com,2020-05-10,6,Delhi,Good
769,,Harsh,39,IT,45135,emp944@gamil.com,2020-05-10,6,Delhi,Good
770,E770,Rekha,39,IT,45135,emp991@gmail.com,Not Provided,18,Delhi,Not Provided
771,E771,Sam,39,HR,50000,emp43@yahoo.com,Not Provided,0,Delhi,Not Provided
772,E772,Rekha,39,IT,45135,Not Provided,2020-05-10,3,Surat,Not Provided
773,,Ravi,59,FINANEC,103427,emp83@gamil.com,Not Provided,5,Surat,Poor
774,,Ankit,39,FINANEC,45135,emp771@gmail.com,2020-05-10,2,Delhi,Poor
775,E775,Sam,39,FINANEC,45135,emp426@yahoo.com,2020-05-10,3,Surat,Excelent
776,E776,Amit,39,SALES,45135,emp515@gmail.com,10-05-2020,6,Surat,Poor
777,,Ravi,39,HR,45135,emp740@gmail.com,10-05-2020,7,Delhi,Not Provided
778,,Meera,39,IT,45135,emp5@gmail.com,2020-05-10,16,Mumbai,Average
779,E779,Amit,37,IT,45135,emp139@gamil.com,Not Provided,3,Delhi,Average
780,E780,John,21,IT,50000,emp913@gmail.com,Not Provided,6,Delhi,Good
781,E781,Rekha,39,IT,45135,emp536@gmail.com,2020-05-10,6,Delhi,Not Provided
782,E782,Sneha,21,HR,136280,emp278@gmail.com,2020-05-10,6,Delhi,Good
783,E783,Ravi,22,FINANEC,45135,Not Provided,2020-05-10,3,Delhi,Not Provided
784,E784,Kunal,39,FINANCE,50000,Not Provided,Not Provided,3,Delhi,Excelent
785,,Kunal,39,HR,45135,emp105@gamil.com,Not Provided,6,Surat,Poor
786,E786,Amit,39,FINANCE,5000,emp32@gmail.com,10-05-2020,2,Delhi,Not Provided
787,E787,Amit,50,SALES,5000,emp456@yahoo.com,Not Provided,6,Delhi,Average
788,E788,John,39,HR,5000,emp530@gamil.com,Not Provided,11,Mumbai,Excelent
789,E789,Pooja,39,HR,45135,Not Provided,10-05-2020,6,Delhi,Excellent
790,E790,Rita,39,FINANCE,50000,Not Provided,Not Provided,3,Delhi,Excellent
791,,Ankit,39,IT,131018,Not Provided,05-10-2020,6,Surat,Excelent
792,E792,Sam,39,SALES,45135,Not Provided,Not Provided,6,Delhi,Not Provided
793,E793,Meera,26,IT,45135,emp907@gmail.com,Not Provided,20,Delhi,Average
794,E794,Harsh,18,SALES,125303,emp372@yahoo.com,Not Provided,10,Delhi,Not Provided
795,E795,Amit,60,IT,50000,emp238@gmail.com,10-05-2020,3,Surat,Average
796,E796,Sam,39,FINANEC,5000,emp319@gmail.com,2020-05-10,8,Delhi,Not Provided
797,E797,Sneha,39,IT,45135,emp861@gmail.com,10-05-2020,6,Mumbai,Poor
798,E798,Kunal,21,SALES,61576,Not Provided,10-05-2020,6,Delhi,Excelent
799,,Amit,39,IT,50000,emp319@yahoo.com,2020-05-10,6,Delhi,Average
800,E800,Rekha,39,HR,45135,emp712@yahoo.com,2020-05-10,3,Delhi,Not Provided
801,E801,Harsh,39,IT,5000,emp232@yahoo.com,Not Provided,6,Delhi,Poor
802,E802,Pooja,28,SALES,45135,emp765@gmail.com,2020-05-10,3,Delhi,Excelent
803,E803,Meera,39,HR,45135,emp558@gmail.com,Not Provided,3,Delhi,Average
804,E804,Sneha,39,SALES,116208,Not Provided,Not Provided,3,Mumbai,Not Provided
805,,Sam,39,IT,50000,emp814@gmail.com,10-05-2020,3,Delhi,Not Provided
806,E806,Meera,39,IT,50000,emp139@gmail.com,2020-05-10,6,Delhi,Good
807,,Rekha,39,HR,45135,emp438@yahoo.com,Not Provided,9,Surat,Excelent
808,E808,John,39,IT,45135,emp342@yahoo.com,2020-05-10,6,Delhi,Not Provided
809,,Sneha,39,FINANEC,45135,emp805@gmail.com,05-10-2020,6,Delhi,Not Provided
810,E810,Amit,39,IT,5000,emp801@gamil.com,Not Provided,6,Mumbai,Not Provided
811,E811,Rekha,39,IT,45135,emp742@yahoo.com,05-10-2020,6,Delhi,Not Provided
812,E812,John,39,HR,50000,Not Provided,Not Provided,6,Delhi,Good
813,,Meera,39,FINANCE,106900,emp922@gmail.com,Not Provided,3,Surat,Excelent
814,,Kunal,39,IT,45135,emp277@yahoo.com,Not Provided,6,Delhi,Excelent
815,,Sam,39,IT,50000,emp659@gmail.com,Not Provided,6,Delhi,Poor
816,E816,Sam,39,FINANCE,5000,emp444@gmail.com,Not Provided,6,Surat,Excelent
817,,Pooja,39,SALES,45135,Not Provided,Not Provided,6,Mumbai,Average
818,E818,Kunal,39,IT,5000,emp751@gamil.com,2020-05-10,19,Surat,Excellent
819,E819,Rita,39,IT,45135,emp146@gamil.com,05-10-2020,19,Delhi,Excellent
820,E820,Ankit,26,IT,5000,Not Provided,05-10-2020,6,Surat,Average
821,E821,Harsh,39,HR,5000,Not Provided,Not Provided,12,Delhi,Not Provided
822,E822,Harsh,39,FINANCE,45135,Not Provided,10-05-2020,3,Surat,Average
823,,Meera,52,HR,5000,emp399@gmail.com,10-05-2020,6,Surat,Not Provided
824,E824,Amit,18,SALES,101502,emp292@gmail.com,05-10-2020,6,Surat,Excelent
825,,Kunal,34,SALES,5000,emp804@yahoo.com,Not Provided,20,Delhi,Average
826,,Kunal,39,IT,45135,emp311@gamil.com,Not Provided,19,Surat,Excelent
827,E827,John,39,FINANCE,45135,emp292@gmail.com,10-05-2020,6,Mumbai,Not Provided
828,E828,Meera,39,SALES,5000,emp806@gmail.com,05-10-2020,6,Delhi,Good
829,,Harsh,51,SALES,45135,Not Provided,Not Provided,6,Delhi,Excelent
830,E830,Ravi,39,HR,45135,emp244@gmail.com,2020-05-10,6,Delhi,Excellent
831,,Harsh,41,IT,45135,Not Provided,05-10-2020,3,Mumbai,Not Provided
832,E832,John,39,IT,45135,emp118@yahoo.com,Not Provided,5,Mumbai,Not Provided
833,E833,Rita,39,IT,45135,emp872@gmail.com,Not Provided,6,Mumbai,Poor
834,E834,Rekha,39,SALES,50000,Not Provided,2020-05-10,3,Surat,Good
835,E835,Rita,39,SALES,45135,emp83@gmail.com,2020-05-10,3,Delhi,Not Provided
836,,Meera,39,HR,50000,emp820@gmail.com,10-05-2020,3,Delhi,Poor
837,,Pooja,39,IT,45135,Not Provided,10-05-2020,3,Delhi,Average
838,,Pooja,59,IT,45135,emp863@yahoo.com,10-05-2020,15,Surat,Not Provided
839,,Meera,39,IT,50000,emp112@gmail.com,10-05-2020,3,Delhi,Poor
840,E840,John,39,IT,40507,emp369@yahoo.com,Not Provided,6,Surat,Good
841,,Kunal,39,IT,143789,emp823@gmail.com,Not Provided,6,Mumbai,Average
842,E842,Meera,39,FINANCE,5000,emp690@gmail.com,Not Provided,3,Surat,Poor
843,E843,Ravi,39,IT,45135,Not Provided,2020-05-10,3,Delhi,Excelent
844,E844,Kunal,39,IT,45135,Not Provided,Not Provided,18,Delhi,Excellent
845,E845,Rita,38,FINANEC,45135,emp315@gamil.com,2020-05-10,6,Delhi,Average
846,E846,Ravi,39,IT,5000,emp693@gamil.com,05-10-2020,3,Delhi,Excelent
847,E847,Ravi,39,IT,104366,Not Provided,05-10-2020,6,Mumbai,Not Provided
848,E848,Sam,39,SALES,45135,emp673@gamil.com,2020-05-10,6,Delhi,Not Provided
849,E849,Ravi,39,HR,45135,emp50@gmail.com,05-10-2020,3,Delhi,Not Provided
850,E850,Ankit,39,IT,45135,emp279@gmail.com,2020-05-10,6,Mumbai,Not Provided
851,,Sam,46,SALES,5000,Not Provided,Not Provided,19,Mumbai,Excelent
852,E852,Harsh,39,SALES,50000,emp664@gmail.com,05-10-2020,6,Delhi,Average
853,,Pooja,39,FINANCE,50000,emp822@yahoo.com,Not Provided,1,Delhi,Average
854,,Kunal ,39,FINANEC,45135,emp674@yahoo.com,05-10-2020,6,Surat,Excelent
855,E855,Sneha,39,FINANEC,5000,Not Provided,05-10-2020,6,Delhi,Not Provided
856,E856,Pooja,43,SALES,50000,Not Provided,Not Provided,3,Delhi,Average
857,E857,John,39,IT,50000,emp706@gmail.com,Not Provided,6,Surat,Not Provided
858,E858,Harsh,39,SALES,50000,emp592@gamil.com,2020-05-10,3,Delhi,Excellent
859,E859,Sneha ,25,IT,5000,emp464@gamil.com,05-10-2020,3,Mumbai,Excellent
860,E860,Kunal,39,HR,5000,emp713@gmail.com,Not Provided,6,Mumbai,Poor
861,,Ankit,39,FINANCE,50000,emp127@gmail.com,2020-05-10,6,Delhi,Average
862,,Meera,39,FINANCE,50000,Not Provided,2020-05-10,6,Mumbai,Not Provided
863,,Ravi,39,IT,45135,Not Provided,Not Provided,3,Delhi,Excelent
864,,Harsh ,39,IT,5000,Not Provided,Not Provided,3,Delhi,Excelent
865,E865,Ankit,39,IT,45135,Not Provided,05-10-2020,6,Delhi,Not Provided
866,E866,Kunal,37,FINANCE,5000,Not Provided,05-10-2020,11,Surat,Not Provided
867,E867,Harsh,20,IT,45135,emp838@gmail.com,05-10-2020,2,Surat,Poor
868,E868,Harsh,39,FINANCE,45135,emp576@yahoo.com,Not Provided,3,Delhi,Not Provided
869,E869,Sam,39,IT,5000,emp24@gamil.com,Not Provided,6,Delhi,Not Provided
870,E870,Meera,26,FINANCE,45135,emp362@yahoo.com,05-10-2020,14,Surat,Not Provided
871,E871,Sam,39,FINANCE,50000,emp56@gamil.com,05-10-2020,18,Delhi,Good
872,,Ankit,31,IT,45135,Not Provided,10-05-2020,6,Surat,Average
873,,Sam,39,FINANEC,45135,emp317@gmail.com,2020-05-10,3,Mumbai,Not Provided
874,E874,Rekha,39,FINANEC,50000,Not Provided,Not Provided,3,Mumbai,Not Provided
875,E875,Harsh,39,IT,45135,Not Provided,2020-05-10,6,Delhi,Excelent
876,E876,Rekha,28,FINANEC,50000,emp789@gamil.com,05-10-2020,20,Delhi,Excellent
877,,John,39,HR,19549,emp181@yahoo.com,05-10-2020,6,Delhi,Good
878,E878,Kunal,39,HR,45135,emp958@gamil.com,Not Provided,6,Surat,Not Provided
879,,Harsh,39,HR,86392,emp359@gmail.com,10-05-2020,6,Surat,Excelent
880,E880,Rekha,39,HR,50000,emp223@yahoo.com,2020-05-10,6,Delhi,Poor
881,E881,Harsh,39,HR,123105,emp976@gamil.com,10-05-2020,6,Delhi,Excellent
882,E882,Ankit,39,SALES,45135,emp305@gamil.com,2020-05-10,17,Mumbai,Excellent
883,E883,Kunal,39,FINANCE,5000,emp302@yahoo.com,Not Provided,3,Delhi,Poor
884,E884,Amit,39,SALES,5000,emp325@gamil.com,05-10-2020,3,Mumbai,Poor
885,,Kunal,30,IT,45135,emp694@gmail.com,10-05-2020,3,Delhi,Good
886,E886,Sneha,39,FINANEC,45135,emp852@gmail.com,2020-05-10,6,Surat,Not Provided
887,,Sam,39,FINANEC,45135,emp572@gmail.com,2020-05-10,6,Delhi,Poor
888,E888,Meera,39,IT,45135,emp305@gamil.com,05-10-2020,0,Delhi,Good
889,,Kunal,39,FINANCE,50000,emp795@gmail.com,2020-05-10,6,Mumbai,Not Provided
890,E890,John,39,IT,50000,emp49@gmail.com,2020-05-10,0,Delhi,Excellent
891,E891,Sam,39,HR,5000,emp67@gmail.com,10-05-2020,6,Mumbai,Good
892,E892,Amit,39,IT,45135,emp409@yahoo.com,05-10-2020,3,Delhi,Excellent
893,,Ankit,39,SALES,45135,emp690@yahoo.com,10-05-2020,6,Mumbai,Excelent
894,E894,Harsh,39,SALES,16296,emp158@gmail.com,10-05-2020,3,Surat,Not Provided
895,E895,Meera,39,IT,45135,emp646@gmail.com,05-10-2020,6,Delhi,Good
896,,Sam,39,IT,50000,emp163@yahoo.com,05-10-2020,3,Surat,Not Provided
897,E897,Kunal,39,HR,50000,Not Provided,10-05-2020,3,Delhi,Not Provided
898,E898,Kunal,39,IT,50000,emp110@gmail.com,2020-05-10,6,Delhi,Poor
899,E899,Sam,31,FINANCE,45135,Not Provided,2020-05-10,6,Surat,Good
900,E900,John,39,SALES,45135,emp859@gmail.com,Not Provided,6,Mumbai,Not Provided
901,E901,Meera,39,IT,45135,emp526@gamil.com,10-05-2020,3,Surat,Average
902,E902,Sneha,39,HR,45135,emp560@gamil.com,2020-05-10,3,Surat,Poor
903,,Ankit,39,FINANEC,45135,emp269@yahoo.com,2020-05-10,9,Mumbai,Excelent
904,E904,Ankit,39,FINANCE,45135,emp107@gamil.com,Not Provided,3,Surat,Not Provided
905,E905,Amit,39,IT,45135,emp897@yahoo.com,2020-05-10,7,Mumbai,Good
906,,Meera,39,IT,45135,emp122@gamil.com,Not Provided,6,Delhi,Excelent
907,E907,Kunal,39,SALES,50000,Not Provided,2020-05-10,3,Delhi,Average
908,E908,Rita,39,SALES,45135,emp214@gmail.com,Not Provided,6,Mumbai,Not Provided
909,E909,Pooja,31,SALES,45135,emp371@gamil.com,05-10-2020,6,Delhi,Excellent
910,E910,Amit,39,HR,50000,emp358@yahoo.com,Not Provided,3,Delhi,Excellent
911,E911,Rita,39,SALES,50000,emp341@gmail.com,Not Provided,6,Mumbai,Not Provided
912,,Pooja,39,IT,50000,emp533@gmail.com,2020-05-10,6,Surat,Excelent
913,,Meera,39,IT,45135,emp750@gamil.com,2020-05-10,6,Delhi,Excellent
914,E914,John,54,FINANCE,27601,emp363@gamil.com,Not Provided,6,Delhi,Excelent
915,E915,Amit,39,IT,45135,emp703@gmail.com,Not Provided,6,Surat,Average
916,E916,Rekha,39,IT,45135,Not Provided,2020-05-10,11,Mumbai,Average
917,E917,Meera,39,FINANCE,48171,emp253@gmail.com,2020-05-10,6,Mumbai,Average
918,,Rekha,23,HR,86426,emp864@gamil.com,Not Provided,20,Delhi,Good
919,,John,59,SALES,5000,emp324@gamil.com,Not Provided,6,Mumbai,Not Provided
920,,Rita,39,SALES,5000,Not Provided,05-10-2020,3,Mumbai,Excellent
921,E921,Rita,39,SALES,76420,emp537@gmail.com,Not Provided,6,Surat,Good
922,E922,Pooja,39,HR,147136,emp428@gmail.com,2020-05-10,3,Mumbai,Not Provided
923,E923,Ankit,39,FINANCE,5000,emp214@gamil.com,Not Provided,6,Delhi,Not Provided
924,E924,Kunal,39,HR,50000,emp622@gmail.com,Not Provided,6,Delhi,Not Provided
925,E925,Ankit ,25,HR,124591,emp749@yahoo.com,10-05-2020,8,Delhi,Poor
926,E926,Amit,39,IT,85344,emp211@gamil.com,Not Provided,6,Surat,Poor
927,,Amit,39,IT,19901,emp605@gmail.com,10-05-2020,3,Delhi,Good
928,E928,Amit,48,SALES,50000,Not Provided,Not Provided,6,Mumbai,Not Provided
929,E929,Sneha,19,FINANCE,5000,emp594@gamil.com,2020-05-10,6,Mumbai,Excellent
930,,John,39,IT,50000,emp837@gamil.com,2020-05-10,3,Mumbai,Average
931,,Kunal,46,FINANEC,45135,emp136@gmail.com,05-10-2020,3,Surat,Not Provided
932,E932,Kunal,39,IT,45135,emp195@gamil.com,Not Provided,6,Surat,Average
933,E933,Amit,39,FINANEC,45135,emp700@yahoo.com,2020-05-10,19,Mumbai,Not Provided
934,E934,Pooja,39,HR,50000,emp612@yahoo.com,2020-05-10,6,Surat,Excelent
935,E935,Amit,39,IT,5000,emp34@yahoo.com,Not Provided,6,Mumbai,Average
936,E936,Kunal,53,IT,41353,emp737@gmail.com,05-10-2020,7,Delhi,Good
937,,Kunal,39,SALES,45135,emp744@yahoo.com,2020-05-10,5,Delhi,Not Provided
938,E938,Kunal,39,SALES,45135,emp943@gmail.com,Not Provided,18,Surat,Excellent
939,E939,Sam,39,SALES,45135,emp382@gmail.com,05-10-2020,6,Surat,Not Provided
940,E940,John,39,SALES,45135,emp54@gmail.com,2020-05-10,6,Surat,Excellent
941,E941,Meera,39,FINANCE,45135,emp595@yahoo.com,Not Provided,6,Delhi,Good
942,E942,Harsh,39,IT,143201,emp229@gamil.com,10-05-2020,3,Delhi,Good
943,E943,Rita,39,FINANEC,5000,emp526@yahoo.com,Not Provided,18,Delhi,Not Provided
944,,Meera,39,FINANCE,45135,emp57@gamil.com,2020-05-10,6,Mumbai,Excelent
945,E945,Rekha,25,FINANCE,45135,emp215@gmail.com,2020-05-10,6,Delhi,Average
946,,Meera,57,FINANEC,45135,emp247@gmail.com,2020-05-10,3,Delhi,Not Provided
947,E947,Sam,39,IT,31723,emp328@yahoo.com,Not Provided,6,Mumbai,Not Provided
948,,Meera,39,FINANCE,5000,emp876@gmail.com,2020-05-10,6,Delhi,Not Provided
949,,Pooja,58,FINANCE,50000,Not Provided,10-05-2020,6,Surat,Excellent
950,E950,Sneha,18,FINANCE,50000,emp770@gmail.com,Not Provided,0,Delhi,Good
951,E951,Ravi,39,FINANCE,45135,emp629@gmail.com,Not Provided,6,Delhi,Excelent
952,E952,Kunal,39,SALES,45135,emp275@gmail.com,10-05-2020,3,Surat,Excellent
953,,Rekha,39,IT,45135,emp251@gamil.com,2020-05-10,3,Surat,Good
954,E954,Amit,39,SALES,48670,emp489@yahoo.com,05-10-2020,6,Surat,Excelent
955,E955,Meera,46,HR,5000,emp447@yahoo.com,Not Provided,3,Delhi,Not Provided
956,E956,Sam,56,HR,45135,Not Provided,10-05-2020,18,Surat,Poor
957,E957,Kunal,39,SALES,45135,emp365@yahoo.com,2020-05-10,3,Surat,Good
958,E958,Sam,39,HR,50000,emp237@gmail.com,05-10-2020,6,Mumbai,Poor
959,E959,Meera,39,HR,50000,emp688@gmail.com,Not Provided,17,Mumbai,Excelent
960,E960,Ravi,39,FINANEC,45135,emp233@yahoo.com,2020-05-10,6,Surat,Excelent
961,E961,Pooja,22,SALES,36489,Not Provided,2020-05-10,3,Surat,Not Provided
962,E962,Kunal,39,IT,17343,emp599@gmail.com,10-05-2020,6,Delhi,Excellent
963,E963,Rita,39,IT,45135,emp62@gamil.com,Not Provided,6,Mumbai,Average
964,E964,Rita,39,SALES,5000,emp151@gmail.com,Not Provided,12,Mumbai,Good
965,,Pooja,32,FINANEC,91203,emp646@yahoo.com,05-10-2020,3,Surat,Not Provided
966,E966,Harsh,39,IT,45135,Not Provided,Not Provided,6,Mumbai,Excellent
967,E967,Kunal,39,IT,50000,emp679@yahoo.com,05-10-2020,3,Surat,Good
968,E968,Pooja,18,IT,45135,emp70@yahoo.com,2020-05-10,3,Surat,Not Provided
969,E969,Kunal,39,HR,50000,emp222@gamil.com,10-05-2020,6,Delhi,Excellent
970,,John,39,HR,45135,emp527@yahoo.com,10-05-2020,6,Surat,Average
971,E971,John,39,IT,45135,emp480@yahoo.com,10-05-2020,20,Surat,Good
972,E972,Sneha,39,HR,50000,emp775@gamil.com,10-05-2020,3,Delhi,Poor
973,E973,Meera,39,IT,45135,emp320@gmail.com,Not Provided,3,Delhi,Not Provided
974,E974,Ravi,39,FINANEC,5000,Not Provided,Not Provided,3,Delhi,Excellent
975,E975,Meera,39,IT,45135,emp946@gmail.com,Not Provided,3,Surat,Not Provided
976,E976,Amit,39,IT,45135,Not Provided,Not Provided,13,Mumbai,Excellent
977,,Sneha,41,HR,45135,Not Provided,Not Provided,6,Surat,Excellent
978,,Rita,39,HR,45135,emp68@gmail.com,Not Provided,6,Delhi,Poor
979,E979,Rekha,27,IT,5000,emp892@gamil.com,2020-05-10,6,Surat,Not Provided
980,E980,Meera,41,IT,5000,emp696@gamil.com,Not Provided,6,Delhi,Poor
981,E981,Sam,39,HR,50000,emp287@yahoo.com,2020-05-10,19,Delhi,Not Provided
982,E982,Pooja,36,SALES,79573,emp703@gmail.com,Not Provided,10,Mumbai,Average
983,E983,Amit ,39,FINANCE,45135,emp985@gamil.com,Not Provided,6,Delhi,Not Provided
984,E984,Amit,39,FINANEC,5000,emp233@gmail.com,10-05-2020,6,Surat,Excelent
985,E985,Meera,29,IT,38723,Not Provided,10-05-2020,6,Delhi,Average
986,E986,Rekha,39,IT,107708,emp415@yahoo.com,10-05-2020,3,Mumbai,Not Provided
987,E987,Ravi,39,SALES,50000,emp288@gamil.com,2020-05-10,6,Delhi,Poor
988,,Rekha,39,FINANEC,45135,Not Provided,Not Provided,3,Mumbai,Poor
989,,Rekha,39,HR,140747,emp112@yahoo.com,Not Provided,6,Delhi,Excellent
990,E990,Harsh,51,FINANCE,50000,emp847@gamil.com,10-05-2020,3,Mumbai,Excelent
991,E991,Pooja,42,SALES,50000,emp955@gmail.com,2020-05-10,1,Surat,Excelent
992,E992,Rita,34,SALES,45135,emp511@gmail.com,Not Provided,6,Mumbai,Poor
993,E993,Kunal,39,SALES,50000,emp357@gamil.com,10-05-2020,6,Mumbai,Average
994,E994,Harsh,56,IT,50000,emp544@yahoo.com,2020-05-10,14,Surat,Excellent
995,E995,Pooja,39,IT,45135,Not Provided,Not Provided,0,Mumbai,Excellent
996,E996,John,39,IT,50000,emp625@yahoo.com,Not Provided,6,Mumbai,Poor
997,E997,Ankit,39,HR,45135,emp823@gmail.com,10-05-2020,8,Mumbai,Average
998,,Harsh,39,FINANCE,45135,Not Provided,Not Provided,3,Delhi,Excelent
999,E999,Kunal,39,IT,79043,emp840@gmail.com,2020-05-10,3,Mumbai,Excellent
1000,E1000,Sneha,39,HR,45135,Not Provided,2020-05-10,6,Delhi,Good
1001,E1001,Rekha,39,FINANEC,107795,emp598@gmail.com,2020-05-10,4,Surat,Excellent
1002,,Kunal,39,HR,45135,emp201@gmail.com,2020-05-10,6,Delhi,Not Provided
1003,E1003,Rekha,39,IT,45135,emp340@gmail.com,2020-05-10,6,Surat,Excelent
1004,E1004,Sam,39,HR,13127,emp217@gamil.com,Not Provided,6,Delhi,Not Provided
1005,E1005,Ankit,53,IT,5000,emp422@gmail.com,10-05-2020,6,Mumbai,Poor
1006,,Ankit,39,IT,45135,emp653@yahoo.com,2020-05-10,6,Delhi,Not Provided
1007,,Pooja,38,HR,45135,emp965@gmail.com,2020-05-10,6,Delhi,Poor
1008,,John,39,IT,45135,emp630@yahoo.com,05-10-2020,9,Surat,Good
1009,E1009,Pooja,39,FINANCE,45135,Not Provided,2020-05-10,6,Mumbai,Poor
1010,E1010,Sneha,39,SALES,5000,emp364@yahoo.com,05-10-2020,6,Delhi,Poor
1011,,Kunal,39,SALES,33889,emp658@gmail.com,2020-05-10,17,Delhi,Not Provided
1012,E1012,Pooja,59,SALES,45135,emp30@gmail.com,Not Provided,6,Surat,Excelent
1013,E1013,Rita,39,IT,5000,emp66@gmail.com,2020-05-10,6,Delhi,Not Provided
1014,,Pooja ,44,SALES,63394,emp417@gmail.com,Not Provided,17,Mumbai,Excelent
1015,,Kunal,39,IT,50000,emp760@gmail.com,2020-05-10,3,Delhi,Excelent
1016,E1016,Ankit,39,SALES,45135,emp829@gmail.com,05-10-2020,16,Delhi,Not Provided
1017,E1017,Pooja,22,HR,147484,Not Provided,10-05-2020,6,Surat,Good
1018,E1018,Meera,43,IT,50000,emp939@yahoo.com,10-05-2020,6,Mumbai,Excellent
1019,E1019,Ankit,39,SALES,50000,emp162@gamil.com,2020-05-10,3,Delhi,Not Provided
1020,E1020,Harsh,52,IT,50000,emp926@gmail.com,2020-05-10,6,Mumbai,Average
1021,,Sam,40,FINANEC,45135,emp204@gamil.com,05-10-2020,6,Surat,Not Provided
1022,E1022,Sneha,39,IT,45135,emp207@gmail.com,Not Provided,6,Mumbai,Good
1023,E1023,Rekha,20,HR,45135,Not Provided,Not Provided,3,Delhi,Excelent
1024,E1024,Kunal,49,IT,45135,Not Provided,05-10-2020,15,Surat,Not Provided
1025,E1025,John,39,IT,45135,emp990@gamil.com,2020-05-10,11,Delhi,Good
1026,E1026,Sneha,51,IT,50000,emp410@gmail.com,Not Provided,6,Delhi,Not Provided
1027,E1027,Pooja,39,SALES,45135,emp538@gmail.com,2020-05-10,3,Mumbai,Excellent
1028,E1028,John,49,HR,45135,emp396@gmail.com,Not Provided,6,Surat,Excelent
1029,E1029,Amit,39,IT,45135,Not Provided,10-05-2020,3,Delhi,Not Provided
1030,E1030,Harsh,39,SALES,49481,emp957@yahoo.com,Not Provided,3,Delhi,Excelent
1031,E1031,Sam,39,IT,45135,emp222@gamil.com,Not Provided,3,Mumbai,Good
1032,E1032,Ravi,39,SALES,39300,Not Provided,05-10-2020,6,Surat,Average
1033,E1033,Sam,39,FINANEC,5000,emp55@gmail.com,05-10-2020,15,Mumbai,Excellent
1034,E1034,Sam,39,HR,45135,emp991@gmail.com,10-05-2020,3,Delhi,Not Provided
1035,E1035,Rekha,30,SALES,5000,emp142@yahoo.com,2020-05-10,6,Surat,Good
1036,E1036,Pooja,39,IT,50000,emp404@gmail.com,2020-05-10,3,Surat,Poor
1037,E1037,Ankit,60,IT,45135,emp545@gamil.com,2020-05-10,6,Mumbai,Not Provided
1038,,Amit,39,IT,50000,emp151@gmail.com,05-10-2020,3,Delhi,Excelent
1039,E1039,Sam,39,IT,45135,emp319@gamil.com,10-05-2020,8,Surat,Good
1040,E1040,Ravi,39,IT,5000,Not Provided,10-05-2020,6,Surat,Not Provided
1041,E1041,Harsh ,39,FINANEC,5000,emp563@gamil.com,Not Provided,6,Surat,Average
1042,E1042,Sneha,39,IT,109008,Not Provided,2020-05-10,6,Surat,Poor
1043,E1043,Amit,48,FINANEC,56867,Not Provided,10-05-2020,6,Delhi,Average
1044,E1044,Harsh,39,FINANEC,45135,emp635@gamil.com,Not Provided,6,Surat,Average
1045,E1045,Pooja,39,FINANCE,45135,emp701@gmail.com,Not Provided,6,Surat,Excellent
1046,E1046,Rita,39,IT,45135,emp117@gamil.com,2020-05-10,6,Delhi,Not Provided
1047,E1047,Ankit,39,SALES,118389,emp389@yahoo.com,10-05-2020,6,Delhi,Good
1048,E1048,Harsh,39,HR,29608,emp273@gamil.com,2020-05-10,19,Delhi,Good
1049,E1049,Amit,39,IT,106287,emp927@gmail.com,Not Provided,16,Surat,Not Provided
1050,E1050,Ankit,39,FINANCE,5000,emp783@yahoo.com,Not Provided,6,Mumbai,Average
1051,E1051,Meera,39,IT,5000,emp222@gamil.com,05-10-2020,6,Delhi,Average
1052,E1052,Harsh,21,IT,145150,emp674@gamil.com,05-10-2020,6,Surat,Average
1053,E1053,Harsh,44,HR,5000,emp353@gmail.com,2020-05-10,6,Mumbai,Good
1054,,Kunal,39,HR,20252,emp174@gmail.com,2020-05-10,3,Surat,Good
1055,E1055,Pooja,55,IT,45135,Not Provided,Not Provided,6,Delhi,Good
1056,E1056,Meera,39,SALES,17256,emp377@gmail.com,05-10-2020,6,Mumbai,Poor
1057,E1057,Kunal,39,IT,5000,emp596@gmail.com,05-10-2020,6,Mumbai,Average
1058,E1058,Sneha,34,HR,25008,emp872@gamil.com,2020-05-10,6,Mumbai,Poor
1059,E1059,John,39,SALES,50000,Not Provided,2020-05-10,6,Delhi,Not Provided
1060,E1060,John,39,HR,86654,emp423@gamil.com,Not Provided,2,Surat,Average
1061,E1061,Ravi,39,IT,50000,emp740@gmail.com,10-05-2020,6,Mumbai,Average
1062,,Ankit,53,FINANCE,45135,emp861@gmail.com,Not Provided,6,Mumbai,Average
1063,E1063,Rekha,39,IT,45135,emp33@gmail.com,Not Provided,7,Delhi,Not Provided
1064,E1064,Pooja,39,SALES,45135,emp931@gmail.com,05-10-2020,3,Delhi,Not Provided
1065,E1065,Pooja,39,IT,5000,emp12@yahoo.com,10-05-2020,6,Mumbai,Poor
1066,E1066,Sneha,57,HR,45135,Not Provided,05-10-2020,6,Delhi,Good
1067,,John,32,HR,50000,emp865@gmail.com,2020-05-10,6,Delhi,Excelent
1068,E1068,Meera,39,SALES,45135,Not Provided,2020-05-10,14,Delhi,Excellent
1069,E1069,Rekha,39,IT,5000,emp39@yahoo.com,10-05-2020,6,Mumbai,Not Provided
1070,E1070,Kunal,39,SALES,85921,emp10@gamil.com,Not Provided,6,Delhi,Poor
1071,E1071,Sneha,22,IT,89694,emp102@gmail.com,2020-05-10,3,Delhi,Good
1072,,Meera,58,IT,45135,emp156@gmail.com,05-10-2020,16,Delhi,Not Provided
1073,E1073,Ravi,39,HR,18524,emp613@gmail.com,05-10-2020,6,Delhi,Excellent
1074,E1074,John,39,IT,45135,emp687@gmail.com,2020-05-10,3,Surat,Excellent
1075,E1075,Rita,39,HR,45135,emp329@gamil.com,05-10-2020,6,Surat,Excelent
1076,E1076,Kunal,39,FINANEC,21828,emp97@gamil.com,2020-05-10,6,Delhi,Not Provided
1077,E1077,Kunal,39,SALES,45135,Not Provided,05-10-2020,6,Mumbai,Poor
1078,E1078,Meera,39,SALES,45135,emp704@gmail.com,05-10-2020,3,Delhi,Good
1079,E1079,Amit,39,FINANEC,81919,emp367@gmail.com,05-10-2020,3,Delhi,Not Provided
1080,E1080,John,39,SALES,50000,Not Provided,2020-05-10,6,Surat,Not Provided
1081,E1081,Harsh,39,FINANEC,45135,emp604@yahoo.com,Not Provided,6,Delhi,Not Provided
1082,,Pooja,58,SALES,45135,emp344@gmail.com,2020-05-10,6,Mumbai,Excelent
1083,E1083,Ravi,39,HR,45135,emp272@gamil.com,2020-05-10,3,Delhi,Good
1084,E1084,John,39,HR,106058,Not Provided,10-05-2020,6,Delhi,Poor
1085,E1085,Amit,45,HR,45135,emp279@gamil.com,Not Provided,6,Surat,Poor
1086,,Meera,42,HR,50000,emp581@gamil.com,Not Provided,10,Delhi,Good
1087,E1087,Rekha,39,FINANCE,50000,emp753@gmail.com,2020-05-10,6,Delhi,Poor
1088,E1088,Harsh,39,IT,45135,emp620@gmail.com,2020-05-10,15,Surat,Good
1089,E1089,Meera,39,IT,45135,emp854@gamil.com,Not Provided,6,Delhi,Excellent
1090,E1090,John,39,HR,50000,Not Provided,Not Provided,2,Delhi,Average
1091,E1091,Rekha,39,SALES,44541,emp219@yahoo.com,2020-05-10,6,Delhi,Average
1092,E1092,Pooja,39,IT,45135,Not Provided,2020-05-10,3,Mumbai,Not Provided
1093,E1093,Harsh,39,FINANEC,59368,emp533@yahoo.com,05-10-2020,6,Delhi,Not Provided
1094,,Sam,47,FINANCE,136306,emp618@gmail.com,Not Provided,10,Mumbai,Excelent
1095,,John,39,FINANCE,45135,emp82@gmail.com,10-05-2020,12,Surat,Excellent
1096,E1096,Rekha,39,IT,45135,emp392@yahoo.com,Not Provided,6,Delhi,Excelent
1097,,Harsh,39,SALES,45135,emp368@gmail.com,Not Provided,11,Delhi,Excelent
1098,E1098,Ravi,39,IT,17472,emp420@gmail.com,2020-05-10,5,Surat,Good
1099,E1099,Ankit,25,SALES,90383,Not Provided,2020-05-10,6,Surat,Excellent
1100,E1100,Sam,39,FINANCE,45135,emp271@gmail.com,05-10-2020,6,Surat,Poor
1101,E1101,Pooja,39,IT,49055,Not Provided,2020-05-10,6,Delhi,Excelent
1102,E1102,Pooja,29,IT,45135,Not Provided,05-10-2020,6,Delhi,Average
1103,E1103,Meera,39,IT,95842,emp831@gmail.com,2020-05-10,3,Delhi,Not Provided
1104,,Harsh,39,FINANCE,45135,emp436@gamil.com,05-10-2020,3,Surat,Average
1105,E1105,Harsh,39,FINANCE,5000,emp90@gmail.com,2020-05-10,6,Mumbai,Excellent
1106,,Ankit,39,HR,50000,emp164@gmail.com,Not Provided,9,Delhi,Poor
1107,E1107,Meera,39,FINANEC,45135,emp669@yahoo.com,2020-05-10,14,Delhi,Poor
1108,,Pooja,39,FINANEC,45135,emp453@yahoo.com,2020-05-10,6,Delhi,Good
1109,E1109,Ankit,39,IT,45135,emp290@yahoo.com,Not Provided,6,Surat,Excellent
1110,E1110,Sneha,36,HR,45135,emp367@yahoo.com,2020-05-10,6,Delhi,Average
1111,E1111,Amit,60,IT,45135,emp491@yahoo.com,2020-05-10,6,Surat,Not Provided
1112,,Rekha,39,FINANCE,45135,emp870@gmail.com,Not Provided,3,Surat,Good
1113,E1113,Kunal,39,HR,50000,emp712@gamil.com,2020-05-10,6,Delhi,Average
1114,E1114,Kunal,24,SALES,45135,emp340@gamil.com,Not Provided,16,Delhi,Not Provided
1115,E1115,Ravi,39,FINANCE,45135,emp169@yahoo.com,05-10-2020,6,Surat,Not Provided
1116,,Harsh,39,IT,45135,Not Provided,2020-05-10,9,Mumbai,Excellent
1117,E1117,John,39,SALES,50000,Not Provided,Not Provided,6,Mumbai,Average
1118,E1118,Harsh ,39,SALES,45135,emp333@yahoo.com,Not Provided,6,Delhi,Excellent
1119,E1119,Rekha,26,SALES,45135,emp832@gmail.com,2020-05-10,6,Delhi,Excellent
1120,E1120,Sam,48,IT,45135,emp873@yahoo.com,2020-05-10,6,Delhi,Good
1121,E1121,Rita,39,SALES,45135,emp822@gmail.com,2020-05-10,3,Delhi,Not Provided
1122,E1122,Kunal,39,HR,45135,emp909@gamil.com,2020-05-10,7,Delhi,Poor
1123,E1123,Pooja,39,FINANCE,5000,emp803@gmail.com,2020-05-10,6,Delhi,Good
1124,E1124,Kunal,39,FINANCE,50000,emp658@gmail.com,10-05-2020,10,Mumbai,Not Provided
1125,E1125,Amit,39,FINANCE,45135,emp555@gmail.com,Not Provided,3,Delhi,Good
1126,,Ankit,39,IT,45135,emp896@gamil.com,2020-05-10,6,Delhi,Poor
1127,,Sneha,39,SALES,50000,emp706@gmail.com,Not Provided,15,Mumbai,Average
1128,E1128,John,54,FINANEC,45135,emp906@gamil.com,Not Provided,3,Delhi,Excellent
1129,,Harsh,39,IT,23183,emp673@gmail.com,Not Provided,1,Delhi,Not Provided
1130,,Ankit,52,IT,45135,emp322@gamil.com,2020-05-10,6,Mumbai,Not Provided
1131,E1131,Rekha,39,SALES,50000,emp322@yahoo.com,2020-05-10,12,Surat,Not Provided
1132,,Sneha,40,IT,50000,Not Provided,2020-05-10,6,Surat,Excellent
1133,E1133,John,39,SALES,50000,emp181@gamil.com,2020-05-10,6,Surat,Good
1134,E1134,Pooja,39,HR,45135,emp974@gmail.com,Not Provided,5,Mumbai,Excellent
1135,,Sam,39,IT,45135,emp936@gmail.com,Not Provided,3,Delhi,Excellent
1136,,Pooja,43,IT,45135,emp919@gamil.com,Not Provided,6,Surat,Not Provided
1137,E1137,Ravi,39,SALES,45135,emp926@yahoo.com,2020-05-10,6,Surat,Poor
1138,,Harsh ,52,IT,5000,emp723@gamil.com,Not Provided,6,Mumbai,Not Provided
1139,E1139,Harsh,39,HR,124299,emp405@yahoo.com,10-05-2020,3,Delhi,Good
1140,,Sneha,39,HR,45135,emp370@gamil.com,Not Provided,15,Delhi,Not Provided
1141,E1141,Ankit,39,IT,45135,emp274@gmail.com,Not Provided,6,Surat,Good
1142,E1142,Meera,39,IT,45135,emp584@gamil.com,Not Provided,6,Surat,Poor
1143,E1143,Meera,39,IT,5000,Not Provided,2020-05-10,20,Delhi,Average
1144,,Sam,49,SALES,45135,emp551@yahoo.com,2020-05-10,6,Surat,Not Provided
1145,E1145,Rekha,39,SALES,50000,emp12@gamil.com,Not Provided,3,Delhi,Poor
1146,E1146,Sam,30,SALES,50000,Not Provided,Not Provided,16,Surat,Excelent
1147,E1147,John,39,FINANCE,5000,Not Provided,Not Provided,6,Surat,Excellent
1148,E1148,Amit,21,FINANEC,45135,emp375@yahoo.com,10-05-2020,8,Surat,Not Provided
1149,,John,43,IT,45135,emp732@gamil.com,2020-05-10,19,Delhi,Good
1150,E1150,Harsh,32,IT,5000,emp300@yahoo.com,10-05-2020,6,Delhi,Poor
1151,E1151,Harsh,39,IT,5000,Not Provided,2020-05-10,3,Delhi,Average
1152,E1152,Sam,39,SALES,5000,Not Provided,Not Provided,6,Surat,Not Provided
1153,E1153,Kunal,27,FINANCE,50000,Not Provided,Not Provided,6,Delhi,Excellent
1154,E1154,Harsh,39,IT,9365,emp554@gmail.com,10-05-2020,3,Delhi,Not Provided
1155,E1155,Meera,31,IT,5000,emp802@yahoo.com,10-05-2020,6,Surat,Not Provided
1156,E1156,Sam,39,IT,105021,emp660@gmail.com,05-10-2020,6,Delhi,Not Provided
1157,E1157,Sam,60,IT,121228,Not Provided,Not Provided,3,Surat,Excellent
1158,,Ankit,39,FINANCE,45135,Not Provided,05-10-2020,3,Delhi,Excelent
1159,E1159,Ankit,39,FINANEC,45135,emp974@yahoo.com,2020-05-10,6,Surat,Not Provided
1160,E1160,Ravi,52,IT,47369,emp383@gamil.com,05-10-2020,6,Mumbai,Average
1161,E1161,Rekha,39,SALES,50000,emp562@yahoo.com,Not Provided,5,Delhi,Not Provided
1162,E1162,Harsh,39,FINANEC,45135,emp167@gamil.com,2020-05-10,6,Delhi,Excellent
1163,E1163,Ankit,39,IT,45135,emp240@yahoo.com,10-05-2020,3,Delhi,Not Provided
1164,,Meera,40,IT,5000,emp74@gmail.com,Not Provided,3,Delhi,Good
1165,E1165,Meera,39,FINANEC,68310,emp472@gamil.com,10-05-2020,6,Surat,Not Provided
1166,E1166,Rekha,22,FINANEC,110662,emp321@gamil.com,05-10-2020,18,Delhi,Not Provided
1167,E1167,Amit,39,HR,45135,emp821@gmail.com,2020-05-10,3,Delhi,Excelent
1168,,John,39,HR,5000,emp196@gmail.com,Not Provided,6,Delhi,Not Provided
1169,E1169,Rekha,39,IT,66278,emp219@gmail.com,05-10-2020,6,Delhi,Excellent
1170,,Sam,59,IT,45135,emp709@gmail.com,05-10-2020,6,Surat,Poor
1171,E1171,Harsh,39,FINANEC,45135,emp582@gmail.com,2020-05-10,13,Delhi,Not Provided
1172,,Rekha,56,SALES,5000,emp236@gamil.com,Not Provided,6,Mumbai,Excelent
1173,E1173,John,39,HR,5000,emp702@gmail.com,10-05-2020,13,Surat,Average
1174,E1174,Amit,39,SALES,45135,emp564@gamil.com,Not Provided,3,Delhi,Not Provided
1175,E1175,Sam,39,SALES,45135,emp946@gmail.com,Not Provided,6,Delhi,Excelent
1176,E1176,Sam,39,FINANCE,80722,emp682@gamil.com,10-05-2020,13,Surat,Average
1177,E1177,Amit,39,HR,50000,emp857@gmail.com,10-05-2020,5,Delhi,Good
1178,E1178,Kunal,39,IT,5000,emp46@gamil.com,10-05-2020,17,Mumbai,Not Provided
1179,E1179,Rita,39,SALES,45135,Not Provided,2020-05-10,6,Delhi,Not Provided
1180,,Ravi,39,HR,50000,emp336@yahoo.com,2020-05-10,3,Surat,Not Provided
1181,E1181,Sam,39,IT,45135,emp617@gmail.com,10-05-2020,6,Delhi,Good
1182,E1182,John,39,FINANEC,45135,emp671@gmail.com,05-10-2020,3,Delhi,Good
1183,E1183,Pooja,39,FINANCE,50000,emp411@gmail.com,2020-05-10,6,Surat,Not Provided
1184,E1184,Kunal,23,SALES,50000,Not Provided,Not Provided,6,Surat,Not Provided
1185,,Pooja,39,IT,111906,emp633@gamil.com,Not Provided,0,Mumbai,Excelent
1186,E1186,Meera,39,FINANEC,50000,Not Provided,05-10-2020,6,Surat,Not Provided
1187,E1187,Kunal,39,IT,104081,emp485@gmail.com,2020-05-10,6,Delhi,Excellent
1188,E1188,Kunal,32,FINANEC,45135,emp184@gmail.com,2020-05-10,3,Mumbai,Not Provided
1189,E1189,Ravi,39,IT,100241,Not Provided,2020-05-10,6,Mumbai,Not Provided
1190,E1190,Meera,39,HR,45135,emp719@gamil.com,10-05-2020,6,Surat,Not Provided
1191,,Rekha,39,FINANCE,5000,emp669@yahoo.com,2020-05-10,0,Delhi,Excellent
1192,,Amit,29,FINANEC,45135,emp3@yahoo.com,10-05-2020,6,Mumbai,Poor
1193,,Pooja,59,IT,45135,emp569@gamil.com,Not Provided,6,Delhi,Not Provided
1194,E1194,Ravi,39,IT,50000,emp19@gmail.com,2020-05-10,6,Delhi,Not Provided
1195,E1195,Sam ,39,IT,45135,emp262@gmail.com,10-05-2020,3,Delhi,Excellent
1196,E1196,Meera,39,HR,70639,emp991@gmail.com,10-05-2020,6,Delhi,Good
1197,,Amit,39,IT,45135,emp359@gmail.com,Not Provided,6,Mumbai,Poor
1198,E1198,Pooja,52,IT,45135,emp15@yahoo.com,2020-05-10,6,Mumbai,Good
1199,E1199,Harsh,39,IT,45135,emp846@gmail.com,05-10-2020,1,Delhi,Average
